POS	REF	Ground Truth DP	ALT	Count	Ground Truth AF	mut	type	category
319	CCCGAA	965	C	46	0.047668	319:CCCGAA:C	FN	same POS
379	C	1018	CGAG	44	0.043222	379:C:CGAG	FN	diff POS
383	A	1025	AG	50	0.04878	383:A:AG	FN	diff POS
429	C	1024	CTTCCAT	52	0.050781	429:C:CTTCCAT	FN	diff POS
447	AA	1039	A	42	0.040423	447:AA:A	FN	diff POS
457	A	1038	AA	63	0.060694	457:A:AA	FN	diff POS
457	A	1038	ATTTCCCCA	44	0.042389	457:A:ATTTCCCCA	FN	diff POS
594	TTC	1061	T	62	0.058435	594:TTC:T	FN	diff POS
605	T	1048	TG	50	0.04771	605:T:TG	FN	diff POS
624	T	1064	TGATATGCTTT	53	0.049812	624:T:TGATATGCTTT	FN	diff POS
632	T	1066	TA	40	0.037523	632:T:TA	FN	diff POS
656	CCTA	1017	C	53	0.052114	656:CCTA:C	FN	diff POS
660	AATG	1028	A	45	0.043774	660:AATG:A	FN	diff POS
661	TT	984	T	43	0.043699	661:TT:T	FN	same POS
669	AA	1020	A	48	0.047059	669:AA:A	FN	diff POS
675	A	1021	AG	47	0.046033	675:A:AG	FN	diff POS
695	G	1016	GT	46	0.045276	695:G:GT	FN	diff POS
708	TT	1013	T	56	0.055281	708:TT:T	FN	diff POS
715	A	1014	AA	54	0.053254	715:A:AA	FN	diff POS
720	TTTGCC	1011	T	53	0.052423	720:TTTGCC:T	FN	diff POS
744	GG	1021	G	56	0.054848	744:GG:G	FN	diff POS
841	G	1006	GG	50	0.049702	841:G:GG	FN	diff POS
851	A	1018	ATACAAT	54	0.053045	851:A:ATACAAT	FN	diff POS
851	A	1018	ATTTGCAAA	38	0.037328	851:A:ATTTGCAAA	FN	diff POS
936	C	973	CC	59	0.060637	936:C:CC	FN	diff POS
957	AA	909	A	48	0.052805	957:AA:A	FN	same POS
959	T	909	TG	43	0.047305	959:T:TG	FN	diff POS
1002	A	983	AC	33	0.033571	1002:A:AC	FN	diff POS
1017	CCTCC	961	C	43	0.044745	1017:CCTCC:C	FN	same POS
1101	AAAGAA	953	A	46	0.048269	1101:AAAGAA:A	FN	diff POS
1133	T	938	TCT	49	0.052239	1133:T:TCT	FN	diff POS
1132	TTTTTC	938	T	49	0.052239	1132:TTTTTC:T	FN	same POS
1157	TTT	934	T	47	0.050321	1157:TTT:T	FN	diff POS
1195	AAA	946	A	35	0.036998	1195:AAA:A	FN	diff POS
1198	T	947	TTG	50	0.052798	1198:T:TTG	FN	diff POS
1276	TTA	1000	T	46	0.046	1276:TTA:T	FN	same POS
1335	C	1033	CAT	47	0.045499	1335:C:CAT	FN	diff POS
1386	TTGGT	1019	T	60	0.058881	1386:TTGGT:T	FN	same POS
1393	G	1012	GG	56	0.055336	1393:G:GG	FN	diff POS
1468	C	1009	CTAGACGAGC	55	0.054509	1468:C:CTAGACGAGC	FN	diff POS
1500	GG	992	G	56	0.056452	1500:GG:G	FN	diff POS
1505	T	985	TTC	51	0.051777	1505:T:TTC	FN	diff POS
1514	C	996	CCACCGGC	40	0.040161	1514:C:CCACCGGC	FN	diff POS
1536	A	989	ACGCGT	48	0.048534	1536:A:ACGCGT	FN	diff POS
1560	C	963	CTCAA	52	0.053998	1560:C:CTCAA	FN	diff POS
1559	CCA	963	C	52	0.053998	1559:CCA:C	FN	diff POS
1606	A	966	AT	43	0.044513	1606:A:AT	FN	diff POS
1632	C	988	CCGATAGAATT	34	0.034413	1632:C:CCGATAGAATT	FN	diff POS
1640	AAGAAA	993	A	62	0.062437	1640:AAGAAA:A	FN	diff POS
1645	CCG	993	C	50	0.050352	1645:CCG:C	FN	diff POS
1680	C	984	CC	45	0.045732	1680:C:CC	FN	diff POS
1686	TTT	972	T	42	0.04321	1686:TTT:T	FN	same POS
1745	A	983	ACCTCAGGGCA	49	0.049847	1745:A:ACCTCAGGGCA	FN	diff POS
1769	GG	973	G	55	0.056526	1769:GG:G	FN	diff POS
1781	G	985	GGGACTG	45	0.045685	1781:G:GGGACTG	FN	diff POS
1793	C	1000	CA	49	0.049	1793:C:CA	FN	diff POS
1794	GGAT	1000	G	58	0.058	1794:GGAT:G	FN	same POS
1801	T	1002	TTGG	49	0.048902	1801:T:TTGG	FN	diff POS
1828	G	1018	GCTCGC	38	0.037328	1828:G:GCTCGC	FN	diff POS
1836	GGGT	1022	G	53	0.051859	1836:GGGT:G	FN	diff POS
1869	A	1031	AGA	48	0.046557	1869:A:AGA	FN	diff POS
1874	G	1031	GG	58	0.056256	1874:G:GG	FN	diff POS
1879	G	1032	GGT	50	0.04845	1879:G:GGT	FN	diff POS
1901	AAG	1021	A	64	0.062684	1901:AAG:A	FN	same POS
1904	C	1029	CA	49	0.047619	1904:C:CA	FN	diff POS
1913	A	1037	AA	53	0.051109	1913:A:AA	FN	diff POS
1935	GG	1007	G	40	0.039722	1935:GG:G	FN	diff POS
1942	GG	1003	G	60	0.059821	1942:GG:G	FN	diff POS
1969	A	1000	AAC	47	0.047	1969:A:AAC	FN	diff POS
2020	A	1004	ACATCTT	43	0.042829	2020:A:ACATCTT	FN	diff POS
2029	G	995	GAAG	105	0.105528	2029:G:GAAG	FN	diff POS
2053	TT	1005	T	49	0.048756	2053:TT:T	FN	diff POS
2076	A	1019	AATAGT	35	0.034347	2076:A:AATAGT	FN	diff POS
2122	T	1017	TCTGGAGG	37	0.036382	2122:T:TCTGGAGG	FN	diff POS
2219	A	996	AGCTTGCG	50	0.050201	2219:A:AGCTTGCG	FN	diff POS
2243	GGATC	1000	G	44	0.044	2243:GGATC:G	FN	diff POS
2315	GGTAT	1005	G	48	0.047761	2315:GGTAT:G	FN	diff POS
2363	C	1012	CA	53	0.052372	2363:C:CA	FN	diff POS
2540	GGTTT	1041	G	49	0.04707	2540:GGTTT:G	FN	diff POS
2546	AAAAGT	1037	A	47	0.045323	2546:AAAAGT:A	FN	diff POS
2549	A	995	AGCA	51	0.051256	2549:A:AGCA	FN	diff POS
2548	AAGTA	995	A	43	0.043216	2548:AAGTA:A	FN	diff POS
2550	G	951	GCT	50	0.052576	2550:G:GCT	FN	diff POS
2550	TTAGCT	957	T	46	0.048067	2550:TTAGCT:T	FN	diff POS
2579	T	1034	TGGAC	45	0.04352	2579:T:TGGAC	FN	diff POS
2606	GGTT	1032	G	50	0.04845	2606:GGTT:G	FN	diff POS
2610	G	1025	GCAAACCCA	45	0.043902	2610:G:GCAAACCCA	FN	diff POS
2610	G	1025	GC	4	0.003902	2610:G:GC	FN	diff POS
2693	C	940	CT	43	0.045745	2693:C:CT	FN	diff POS
2711	G	935	GG	41	0.04385	2711:G:GG	FN	diff POS
2727	A	967	AGTCGT	51	0.05274	2727:A:AGTCGT	FN	diff POS
2739	T	971	TG	58	0.059732	2739:T:TG	FN	diff POS
2787	TTT	988	T	50	0.050607	2787:TTT:T	FN	diff POS
2806	C	981	CCTATCAAAC	50	0.050968	2806:C:CCTATCAAAC	FN	diff POS
2835	CCTTT	1007	C	52	0.051639	2835:CCTTT:C	FN	diff POS
2844	A	995	ACA	46	0.046231	2844:A:ACA	FN	diff POS
2884	TTTA	1014	T	62	0.061144	2884:TTTA:T	FN	diff POS
2885	T	1014	TTTTCAAAA	35	0.034517	2885:T:TTTTCAAAA	FN	diff POS
2941	TTATCT	1047	T	45	0.04298	2941:TTATCT:T	FN	diff POS
2945	TTTT	1001	T	61	0.060939	2945:TTTT:T	FN	same POS
2984	TTG	1053	T	44	0.041785	2984:TTG:T	FN	diff POS
2993	CC	1067	C	47	0.044049	2993:CC:C	FN	diff POS
3015	T	1070	TCT	53	0.049533	3015:T:TCT	FN	diff POS
3018	T	1069	TTGATGAT	46	0.043031	3018:T:TTGATGAT	FN	diff POS
3032	T	1065	TC	53	0.049765	3032:T:TC	FN	diff POS
3041	G	1064	GCGA	51	0.047932	3041:G:GCGA	FN	diff POS
3055	C	1081	CGCCACATGC	48	0.044403	3055:C:CGCCACATGC	FN	diff POS
3055	C	1081	CGCC	4	0.0037	3055:C:CGCC	FN	diff POS
3084	G	1073	GTTC	49	0.045666	3084:G:GTTC	FN	diff POS
3118	AAGGC	1071	A	56	0.052288	3118:AAGGC:A	FN	diff POS
3120	G	1014	GAATAACAT	50	0.04931	3120:G:GAATAACAT	FN	diff POS
3122	C	1013	CGATACCTCT	54	0.053307	3122:C:CGATACCTCT	FN	diff POS
3157	C	1064	CGC	59	0.055451	3157:C:CGC	FN	diff POS
3218	CCACA	1013	C	44	0.043435	3218:CCACA:C	FN	diff POS
3241	TTTT	1015	T	51	0.050246	3241:TTTT:T	FN	diff POS
3246	T	1018	TCTATT	39	0.03831	3246:T:TCTATT	FN	diff POS
3282	T	1000	TTG	38	0.038	3282:T:TTG	FN	diff POS
3326	A	989	ATAGATT	42	0.042467	3326:A:ATAGATT	FN	diff POS
3385	T	990	TATTGATGTT	52	0.052525	3385:T:TATTGATGTT	FN	diff POS
3414	A	979	AGT	56	0.057201	3414:A:AGT	FN	diff POS
3485	GGCTCA	1006	G	54	0.053678	3485:GGCTCA:G	FN	diff POS
3495	T	1008	TTAGAGCGTGA	50	0.049603	3495:T:TTAGAGCGTGA	FN	diff POS
3507	A	1008	AT	47	0.046627	3507:A:AT	FN	diff POS
3513	G	1001	GGCG	57	0.056943	3513:G:GGCG	FN	diff POS
3512	GGTA	1001	G	54	0.053946	3512:GGTA:G	FN	same POS
3513	TTA	938	T	63	0.067164	3513:TTA:T	FN	diff POS
3522	GGC	986	G	44	0.044625	3522:GGC:G	FN	diff POS
3547	G	980	GA	53	0.054082	3547:G:GA	FN	diff POS
3559	CCTGG	979	C	107	0.109295	3559:CCTGG:C	FN	diff POS
3672	G	959	GG	34	0.035454	3672:G:GG	FN	diff POS
3707	GGCGC	944	G	43	0.045551	3707:GGCGC:G	FN	diff POS
3708	CCG	897	C	56	0.06243	3708:CCG:C	FN	diff POS
3732	A	963	AA	46	0.047767	3732:A:AA	FN	diff POS
3761	AAAGAA	942	A	44	0.046709	3761:AAAGAA:A	FN	diff POS
3776	A	949	AAA	51	0.053741	3776:A:AAA	FN	diff POS
3800	TTT	963	T	56	0.058152	3800:TTT:T	FN	diff POS
3828	C	982	CTATTCGATCG	34	0.034623	3828:C:CTATTCGATCG	FN	diff POS
3925	T	1015	TG	53	0.052217	3925:T:TG	FN	diff POS
3932	TTA	1020	T	48	0.047059	3932:TTA:T	FN	diff POS
3958	C	1011	CCCC	50	0.049456	3958:C:CCCC	FN	diff POS
4036	AAGCCT	1003	A	49	0.048853	4036:AAGCCT:A	FN	diff POS
4062	G	1007	GGTGTAGTT	44	0.043694	4062:G:GGTGTAGTT	FN	diff POS
4111	G	977	GT	50	0.051177	4111:G:GT	FN	diff POS
4115	T	975	TC	52	0.053333	4115:T:TC	FN	diff POS
4143	AAGAT	957	A	46	0.048067	4143:AAGAT:A	FN	same POS
4177	A	953	ATTCC	42	0.044071	4177:A:ATTCC	FN	diff POS
4206	A	961	AAT	41	0.042664	4206:A:AAT	FN	diff POS
4235	A	966	AGCCA	35	0.036232	4235:A:AGCCA	FN	diff POS
4235	A	966	AGCC	3	0.003106	4235:A:AGCC	FN	diff POS
4244	AA	956	A	46	0.048117	4244:AA:A	FN	diff POS
4279	TT	988	T	52	0.052632	4279:TT:T	FN	same POS
4296	AAGGTT	991	A	58	0.058527	4296:AAGGTT:A	FN	diff POS
4420	GGGAG	1007	G	43	0.042701	4420:GGGAG:G	FN	diff POS
4484	A	1050	AAA	64	0.060952	4484:A:AAA	FN	diff POS
4509	A	1055	AA	57	0.054028	4509:A:AA	FN	diff POS
4558	T	1036	TC	50	0.048263	4558:T:TC	FN	diff POS
4563	C	1049	CAGGATGG	54	0.051478	4563:C:CAGGATGG	FN	diff POS
4565	A	1054	AGTA	51	0.048387	4565:A:AGTA	FN	diff POS
4679	A	1066	AG	56	0.052533	4679:A:AG	FN	diff POS
4681	C	1068	CCA	52	0.048689	4681:C:CCA	FN	diff POS
4682	C	1069	CGA	46	0.043031	4682:C:CGA	FN	diff POS
4687	A	1060	ATGA	32	0.030189	4687:A:ATGA	FN	diff POS
4714	T	1035	TG	49	0.047343	4714:T:TG	FN	diff POS
4719	C	1030	CAAGCTACCGC	48	0.046602	4719:C:CAAGCTACCGC	FN	diff POS
4771	A	1008	AACTTCTCCA	23	0.022817	4771:A:AACTTCTCCA	FN	diff POS
4771	AAAGG	1008	A	58	0.05754	4771:AAAGG:A	FN	diff POS
4816	A	978	AGCA	32	0.03272	4816:A:AGCA	FN	diff POS
4878	T	970	TTTGGG	41	0.042268	4878:T:TTTGGG	FN	diff POS
4897	C	952	CTCGTAATTAC	43	0.045168	4897:C:CTCGTAATTAC	FN	diff POS
4912	GGC	948	G	44	0.046414	4912:GGC:G	FN	diff POS
4917	C	941	CA	46	0.048884	4917:C:CA	FN	diff POS
4920	AAGTC	939	A	45	0.047923	4920:AAGTC:A	FN	diff POS
4976	G	942	GAGA	47	0.049894	4976:G:GAGA	FN	diff POS
5002	C	916	CT	46	0.050218	5002:C:CT	FN	diff POS
5112	G	949	GA	37	0.038988	5112:G:GA	FN	diff POS
5170	G	984	GCCGACCT	58	0.058943	5170:G:GCCGACCT	FN	diff POS
5214	C	1002	CGCCC	39	0.038922	5214:C:CGCCC	FN	diff POS
5249	T	998	TC	45	0.04509	5249:T:TC	FN	diff POS
5304	A	1030	ATGGACATTGA	35	0.033981	5304:A:ATGGACATTGA	FN	diff POS
5304	A	1030	ATG	3	0.002913	5304:A:ATG	FN	diff POS
5327	T	1008	TTT	60	0.059524	5327:T:TTT	FN	diff POS
5400	G	995	GG	57	0.057286	5400:G:GG	FN	diff POS
5402	T	999	TATGGGCGCTG	30	0.03003	5402:T:TATGGGCGCTG	FN	diff POS
5413	T	1007	TC	44	0.043694	5413:T:TC	FN	diff POS
5444	G	1022	GCGCACTA	42	0.041096	5444:G:GCGCACTA	FN	diff POS
5446	GG	1024	G	61	0.05957	5446:GG:G	FN	same POS
5484	A	1025	AGA	43	0.041951	5484:A:AGA	FN	diff POS
5511	AA	1023	A	60	0.058651	5511:AA:A	FN	same POS
5556	A	1029	AA	48	0.046647	5556:A:AA	FN	diff POS
5592	A	1001	AAGG	41	0.040959	5592:A:AAGG	FN	diff POS
5599	GGGC	994	G	45	0.045272	5599:GGGC:G	FN	diff POS
5606	G	991	GTCATG	43	0.043391	5606:G:GTCATG	FN	diff POS
5654	AA	988	A	44	0.044534	5654:AA:A	FN	diff POS
5702	GG	978	G	49	0.050102	5702:GG:G	FN	same POS
5725	AA	968	A	52	0.053719	5725:AA:A	FN	same POS
5733	CCA	974	C	52	0.053388	5733:CCA:C	FN	same POS
5744	GGCC	976	G	63	0.064549	5744:GGCC:G	FN	same POS
5745	G	976	GCG	48	0.04918	5745:G:GCG	FN	diff POS
5754	GGCA	971	G	45	0.046344	5754:GGCA:G	FN	diff POS
5764	TT	968	T	49	0.05062	5764:TT:T	FN	same POS
5832	AA	964	A	45	0.04668	5832:AA:A	FN	diff POS
5874	A	990	AG	51	0.051515	5874:A:AG	FN	diff POS
5922	A	952	AC	42	0.044118	5922:A:AC	FN	diff POS
5945	A	937	AGTTG	43	0.045891	5945:A:AGTTG	FN	diff POS
5975	A	934	AGCA	44	0.047109	5975:A:AGCA	FN	diff POS
5986	G	939	GGG	44	0.046858	5986:G:GGG	FN	diff POS
6056	AAGG	923	A	46	0.049837	6056:AAGG:A	FN	diff POS
6121	A	928	AT	57	0.061422	6121:A:AT	FN	diff POS
6130	C	921	CGTAGATC	29	0.031488	6130:C:CGTAGATC	FN	diff POS
6203	G	934	GA	41	0.043897	6203:G:GA	FN	diff POS
6207	AACT	942	A	50	0.053079	6207:AACT:A	FN	diff POS
6217	C	933	CACAG	41	0.043944	6217:C:CACAG	FN	diff POS
6219	G	924	GTA	42	0.045455	6219:G:GTA	FN	diff POS
6321	A	924	AA	47	0.050866	6321:A:AA	FN	diff POS
6369	T	897	TTT	41	0.045708	6369:T:TTT	FN	diff POS
6495	A	956	AGAA	34	0.035565	6495:A:AGAA	FN	diff POS
6502	AAAAA	948	A	51	0.053797	6502:AAAAA:A	FN	same POS
6529	GGTG	929	G	46	0.049516	6529:GGTG:G	FN	diff POS
6549	C	931	CG	55	0.059076	6549:C:CG	FN	diff POS
6556	C	939	CT	34	0.036209	6556:C:CT	FN	diff POS
6577	A	965	AA	49	0.050777	6577:A:AA	FN	diff POS
6596	G	972	GG	55	0.056584	6596:G:GG	FN	diff POS
6621	G	946	GTCCT	45	0.047569	6621:G:GTCCT	FN	same POS
6621	CC	946	C	40	0.042283	6621:CC:C	FN	same POS
6626	A	953	AA	46	0.048269	6626:A:AA	FN	diff POS
6634	C	956	CC	51	0.053347	6634:C:CC	FN	diff POS
6640	T	971	TG	47	0.048404	6640:T:TG	FN	diff POS
6657	CCTC	974	C	50	0.051335	6657:CCTC:C	FN	diff POS
6780	A	1033	AG	50	0.048403	6780:A:AG	FN	diff POS
6795	C	1025	CC	49	0.047805	6795:C:CC	FN	diff POS
6823	C	1020	CA	51	0.05	6823:C:CA	FN	diff POS
6826	CCT	1025	C	43	0.041951	6826:CCT:C	FN	same POS
6892	A	1035	AT	61	0.058937	6892:A:AT	FN	diff POS
6931	T	1019	TTGAGAA	45	0.044161	6931:T:TTGAGAA	FN	diff POS
7009	A	975	AG	52	0.053333	7009:A:AG	FN	diff POS
7037	C	990	CT	53	0.053535	7037:C:CT	FN	diff POS
7037	C	990	CA	44	0.044444	7037:C:CA	FN	diff POS
7083	GGGC	987	G	54	0.054711	7083:GGGC:G	FN	diff POS
7114	A	992	ACGAACTA	51	0.051411	7114:A:ACGAACTA	FN	diff POS
7126	C	1006	CTAACTC	52	0.05169	7126:C:CTAACTC	FN	diff POS
7128	A	1013	AC	41	0.040474	7128:A:AC	FN	diff POS
7132	C	1011	CT	56	0.055391	7132:C:CT	FN	diff POS
7137	A	1025	ACTA	54	0.052683	7137:A:ACTA	FN	diff POS
7149	A	1024	AA	49	0.047852	7149:A:AA	FN	diff POS
7238	T	1029	TG	40	0.038873	7238:T:TG	FN	diff POS
7243	AA	1031	A	60	0.058196	7243:AA:A	FN	diff POS
7273	TTA	1051	T	39	0.037108	7273:TTA:T	FN	diff POS
7275	A	1009	AC	44	0.043608	7275:A:AC	FN	diff POS
7277	TTTG	1045	T	61	0.058373	7277:TTTG:T	FN	diff POS
7322	AAGC	1022	A	54	0.052838	7322:AAGC:A	FN	diff POS
7337	A	1018	AGTCACGT	44	0.043222	7337:A:AGTCACGT	FN	diff POS
7396	AAGCC	1043	A	58	0.055609	7396:AAGCC:A	FN	diff POS
7416	T	1038	TG	54	0.052023	7416:T:TG	FN	diff POS
7433	C	1021	CAGG	40	0.039177	7433:C:CAGG	FN	diff POS
7494	C	1018	CCTT	90	0.088409	7494:C:CCTT	FN	diff POS
7513	A	1014	AA	42	0.04142	7513:A:AA	FN	diff POS
7541	AAGA	996	A	47	0.047189	7541:AAGA:A	FN	diff POS
7565	A	999	ACTCGATATT	52	0.052052	7565:A:ACTCGATATT	FN	diff POS
7600	A	1031	ACGT	54	0.052376	7600:A:ACGT	FN	same POS
7600	TTTGA	1036	T	48	0.046332	7600:TTTGA:T	FN	same POS
7623	CCA	1035	C	39	0.037681	7623:CCA:C	FN	diff POS
7655	AAGA	1041	A	54	0.051873	7655:AAGA:A	FN	same POS
7782	GGAAA	989	G	41	0.041456	7782:GGAAA:G	FN	diff POS
7793	A	985	AATGGGA	47	0.047716	7793:A:AATGGGA	FN	diff POS
7836	T	976	TT	59	0.060451	7836:T:TT	FN	diff POS
7858	AAG	976	A	64	0.065574	7858:AAG:A	FN	diff POS
7924	GG	994	G	56	0.056338	7924:GG:G	FN	diff POS
7969	T	972	TAC	37	0.038066	7969:T:TAC	FN	diff POS
8010	TTGTG	1005	T	49	0.048756	8010:TTGTG:T	FN	diff POS
8017	G	1012	GAG	57	0.056324	8017:G:GAG	FN	diff POS
8033	C	1022	CGC	38	0.037182	8033:C:CGC	FN	diff POS
8136	T	1070	TG	48	0.04486	8136:T:TG	FN	diff POS
8199	A	1039	ACCGACCCTGG	38	0.036574	8199:A:ACCGACCCTGG	FN	diff POS
8248	G	1044	GG	61	0.058429	8248:G:GG	FN	diff POS
8256	C	1041	CC	48	0.04611	8256:C:CC	FN	diff POS
8261	AAGTGG	1039	A	51	0.049086	8261:AAGTGG:A	FN	diff POS
8514	CCCAGC	999	C	51	0.051051	8514:CCCAGC:C	FN	diff POS
8530	G	1012	GTGG	56	0.055336	8530:G:GTGG	FN	diff POS
8546	AAA	1029	A	62	0.060253	8546:AAA:A	FN	diff POS
8571	A	1007	AGATGTTA	35	0.034757	8571:A:AGATGTTA	FN	diff POS
8581	AA	1003	A	51	0.050847	8581:AA:A	FN	diff POS
8591	TTGTT	1026	T	61	0.059454	8591:TTGTT:T	FN	diff POS
8692	T	1038	TCGT	52	0.050096	8692:T:TCGT	FN	diff POS
8744	TTCA	1039	T	48	0.046198	8744:TTCA:T	FN	diff POS
8750	C	1053	CACG	60	0.05698	8750:C:CACG	FN	diff POS
8881	GG	1045	G	48	0.045933	8881:GG:G	FN	diff POS
8889	TTAAT	1046	T	46	0.043977	8889:TTAAT:T	FN	same POS
8904	AAGGAA	1051	A	51	0.048525	8904:AAGGAA:A	FN	same POS
8906	G	997	GT	41	0.041123	8906:G:GT	FN	diff POS
8930	GG	1065	G	47	0.044131	8930:GG:G	FN	same POS
8963	AATC	1042	A	56	0.053743	8963:AATC:A	FN	diff POS
9077	TTTGGG	1010	T	45	0.044554	9077:TTTGGG:T	FN	same POS
9092	AA	1015	A	59	0.058128	9092:AA:A	FN	same POS
9101	AA	998	A	47	0.047094	9101:AA:A	FN	same POS
9149	TT	1000	T	113	0.113	9149:TT:T	FN	same POS
9167	C	989	CGAT	48	0.048534	9167:C:CGAT	FN	diff POS
9245	AA	988	A	43	0.043522	9245:AA:A	FN	diff POS
9251	A	991	AA	70	0.070636	9251:A:AA	FN	diff POS
9276	G	976	GCA	65	0.066598	9276:G:GCA	FN	same POS
9302	AAGC	965	A	45	0.046632	9302:AAGC:A	FN	diff POS
9311	C	970	CTCTGTGTGGT	40	0.041237	9311:C:CTCTGTGTGGT	FN	same POS
9313	A	967	AAA	59	0.061013	9313:A:AAA	FN	diff POS
9394	GG	973	G	55	0.056526	9394:GG:G	FN	diff POS
9404	CCAGG	961	C	60	0.062435	9404:CCAGG:C	FN	diff POS
9488	C	937	CAG	47	0.05016	9488:C:CAG	FN	diff POS
9524	C	942	CTGCCAGGT	39	0.041401	9524:C:CTGCCAGGT	FN	diff POS
9565	AA	964	A	46	0.047718	9565:AA:A	FN	same POS
9568	G	970	GAG	43	0.04433	9568:G:GAG	FN	diff POS
9569	G	969	GTGGGATGC	39	0.040248	9569:G:GTGGGATGC	FN	diff POS
9603	C	992	CATTCCGACAA	51	0.051411	9603:C:CATTCCGACAA	FN	diff POS
9793	GGATA	1002	G	42	0.041916	9793:GGATA:G	FN	diff POS
9796	AAAA	961	A	39	0.040583	9796:AAAA:A	FN	diff POS
9822	C	985	CT	51	0.051777	9822:C:CT	FN	same POS
9877	T	989	TA	40	0.040445	9877:T:TA	FN	diff POS
9898	G	987	GC	55	0.055724	9898:G:GC	FN	diff POS
9901	T	991	TATTCCC	52	0.052472	9901:T:TATTCCC	FN	diff POS
9923	C	980	CC	45	0.045918	9923:C:CC	FN	diff POS
9925	A	975	ATG	55	0.05641	9925:A:ATG	FN	diff POS
9927	G	983	GC	58	0.059003	9927:G:GC	FN	diff POS
9949	G	984	GC	46	0.046748	9949:G:GC	FN	same POS
9989	A	1002	ATC	57	0.056886	9989:A:ATC	FN	diff POS
10015	AA	976	A	40	0.040984	10015:AA:A	FN	diff POS
10043	T	976	TTC	48	0.04918	10043:T:TTC	FN	diff POS
10114	A	979	AG	56	0.057201	10114:A:AG	FN	diff POS
10325	T	974	TT	51	0.052361	10325:T:TT	FN	diff POS
10324	TTCGA	974	T	41	0.042094	10324:TTCGA:T	FN	diff POS
10345	TTGCA	981	T	57	0.058104	10345:TTGCA:T	FN	diff POS
10363	CC	988	C	65	0.065789	10363:CC:C	FN	same POS
10381	GGC	986	G	47	0.047667	10381:GGC:G	FN	diff POS
10522	AA	1015	A	40	0.039409	10522:AA:A	FN	diff POS
10542	AA	1029	A	48	0.046647	10542:AA:A	FN	diff POS
10573	C	1028	CTAGCTACAA	44	0.042802	10573:C:CTAGCTACAA	FN	diff POS
10579	G	1034	GA	46	0.044487	10579:G:GA	FN	diff POS
10616	T	1036	TT	44	0.042471	10616:T:TT	FN	diff POS
10617	CCCTC	1035	C	42	0.04058	10617:CCCTC:C	FN	diff POS
10629	G	1050	GC	57	0.054286	10629:G:GC	FN	diff POS
10636	C	1067	CGAG	54	0.050609	10636:C:CGAG	FN	diff POS
10679	T	1072	TGGGATAC	51	0.047575	10679:T:TGGGATAC	FN	diff POS
10729	T	1025	TAG	47	0.045854	10729:T:TAG	FN	diff POS
10733	G	1021	GG	50	0.048972	10733:G:GG	FN	diff POS
10737	C	984	CC	54	0.054878	10737:C:CC	FN	diff POS
10754	T	1025	TAAGTT	53	0.051707	10754:T:TAAGTT	FN	diff POS
10828	C	993	CG	56	0.056395	10828:C:CG	FN	diff POS
10834	C	1020	CCGA	44	0.043137	10834:C:CCGA	FN	diff POS
10922	CCCC	993	C	42	0.042296	10922:CCCC:C	FN	diff POS
10938	A	992	AAGATTCAGC	47	0.047379	10938:A:AAGATTCAGC	FN	diff POS
10953	A	978	AGA	52	0.05317	10953:A:AGA	FN	diff POS
10958	A	970	AA	34	0.035052	10958:A:AA	FN	diff POS
10983	G	960	GCTTTCG	35	0.036458	10983:G:GCTTTCG	FN	diff POS
11027	C	966	CC	53	0.054865	11027:C:CC	FN	diff POS
11044	T	957	TT	53	0.055381	11044:T:TT	FN	diff POS
11047	AATGG	951	A	58	0.060988	11047:AATGG:A	FN	same POS
11061	T	938	TC	52	0.055437	11061:T:TC	FN	diff POS
11070	G	958	GTC	54	0.056367	11070:G:GTC	FN	diff POS
11111	G	958	GGT	50	0.052192	11111:G:GGT	FN	diff POS
11124	G	943	GTGTAGGG	58	0.061506	11124:G:GTGTAGGG	FN	diff POS
11166	G	934	GTCAAGGGC	43	0.046039	11166:G:GTCAAGGGC	FN	diff POS
11169	G	942	GG	45	0.047771	11169:G:GG	FN	diff POS
11200	C	923	CTAGGA	40	0.043337	11200:C:CTAGGA	FN	diff POS
11230	AA	915	A	47	0.051366	11230:AA:A	FN	diff POS
11231	A	915	AC	33	0.036066	11231:A:AC	FN	diff POS
11327	C	948	CCATAGATACA	45	0.047468	11327:C:CCATAGATACA	FN	diff POS
11371	A	936	AG	45	0.048077	11371:A:AG	FN	diff POS
11442	TTC	1005	T	51	0.050746	11442:TTC:T	FN	diff POS
11518	G	1032	GTA	56	0.054264	11518:G:GTA	FN	diff POS
11563	G	1026	GT	45	0.04386	11563:G:GT	FN	diff POS
11565	CC	1021	C	49	0.047992	11565:CC:C	FN	diff POS
11635	TTCTCT	1036	T	45	0.043436	11635:TTCTCT:T	FN	same POS
11717	C	1021	CAG	51	0.049951	11717:C:CAG	FN	diff POS
11791	CC	1030	C	51	0.049515	11791:CC:C	FN	diff POS
11809	G	1030	GGTCCTAG	42	0.040777	11809:G:GGTCCTAG	FN	diff POS
11818	G	1011	GCG	52	0.051434	11818:G:GCG	FN	diff POS
11843	AAG	1028	A	45	0.043774	11843:AAG:A	FN	same POS
11880	G	1005	GG	63	0.062687	11880:G:GG	FN	diff POS
11890	G	998	GA	51	0.051102	11890:G:GA	FN	diff POS
11920	A	986	ACCTGAGCCG	36	0.036511	11920:A:ACCTGAGCCG	FN	diff POS
11985	AA	975	A	43	0.044103	11985:AA:A	FN	same POS
12009	T	918	TA	48	0.052288	12009:T:TA	FN	diff POS
12042	CC	984	C	39	0.039634	12042:CC:C	FN	diff POS
12055	A	953	AA	34	0.035677	12055:A:AA	FN	diff POS
12084	A	968	ATT	38	0.039256	12084:A:ATT	FN	diff POS
12090	A	963	AA	45	0.046729	12090:A:AA	FN	diff POS
12098	TTGA	962	T	40	0.04158	12098:TTGA:T	FN	same POS
12105	G	959	GC	47	0.049009	12105:G:GC	FN	diff POS
12153	A	983	AA	60	0.061038	12153:A:AA	FN	diff POS
12154	C	979	CT	53	0.054137	12154:C:CT	FN	diff POS
12250	C	941	CGA	49	0.052072	12250:C:CGA	FN	diff POS
12261	A	953	ACC	45	0.047219	12261:A:ACC	FN	diff POS
12273	GGCCA	919	G	60	0.065288	12273:GGCCA:G	FN	diff POS
12286	A	933	AG	49	0.052519	12286:A:AG	FN	diff POS
12290	C	909	CAC	56	0.061606	12290:C:CAC	FN	diff POS
12293	C	916	CC	38	0.041485	12293:C:CC	FN	diff POS
12346	C	951	CC	46	0.04837	12346:C:CC	FN	diff POS
12375	TTGA	924	T	45	0.048701	12375:TTGA:T	FN	diff POS
12419	A	954	AGC	43	0.045073	12419:A:AGC	FN	diff POS
12446	G	950	GG	94	0.098947	12446:G:GG	FN	diff POS
12513	C	985	CT	45	0.045685	12513:C:CT	FN	diff POS
12517	C	985	CCG	51	0.051777	12517:C:CCG	FN	diff POS
12519	C	993	CG	42	0.042296	12519:C:CG	FN	diff POS
12541	T	1008	TT	59	0.058532	12541:T:TT	FN	diff POS
12557	T	991	TTGG	55	0.055499	12557:T:TTGG	FN	diff POS
12564	AAT	993	A	51	0.05136	12564:AAT:A	FN	diff POS
12569	GGATGA	935	G	46	0.049198	12569:GGATGA:G	FN	diff POS
12573	AAC	946	A	55	0.05814	12573:AAC:A	FN	diff POS
12577	G	998	GC	64	0.064128	12577:G:GC	FN	diff POS
12591	C	988	CG	51	0.051619	12591:C:CG	FN	diff POS
12608	C	983	CCA	49	0.049847	12608:C:CCA	FN	diff POS
12608	C	983	CG	45	0.045778	12608:C:CG	FN	diff POS
12660	T	1004	TC	46	0.045817	12660:T:TC	FN	diff POS
12733	T	996	TCC	47	0.047189	12733:T:TCC	FN	diff POS
12802	G	978	GG	50	0.051125	12802:G:GG	FN	diff POS
12810	G	975	GCTGCCTGTG	42	0.043077	12810:G:GCTGCCTGTG	FN	diff POS
12828	GGCGC	982	G	41	0.041752	12828:GGCGC:G	FN	diff POS
12834	TT	986	T	43	0.043611	12834:TT:T	FN	diff POS
12869	CC	991	C	44	0.0444	12869:CC:C	FN	diff POS
12936	A	956	AC	52	0.054393	12936:A:AC	FN	diff POS
13084	C	995	CCC	55	0.055276	13084:C:CCC	FN	same POS
13086	CCAGA	986	C	93	0.09432	13086:CCAGA:C	FN	diff POS
13179	T	971	TC	41	0.042225	13179:T:TC	FN	diff POS
13183	A	978	ATT	56	0.05726	13183:A:ATT	FN	diff POS
13206	T	960	TGTCG	50	0.052083	13206:T:TGTCG	FN	diff POS
13254	AAT	958	A	51	0.053236	13254:AAT:A	FN	diff POS
13259	A	962	AGAGCA	51	0.053015	13259:A:AGAGCA	FN	diff POS
13283	CCA	955	C	52	0.05445	13283:CCA:C	FN	diff POS
13289	GGG	957	G	51	0.053292	13289:GGG:G	FN	diff POS
13303	T	942	TCGT	32	0.03397	13303:T:TCGT	FN	diff POS
13309	G	940	GG	53	0.056383	13309:G:GG	FN	diff POS
13322	C	935	CGG	49	0.052406	13322:C:CGG	FN	diff POS
13323	GGCACA	937	G	45	0.048026	13323:GGCACA:G	FN	diff POS
13332	G	937	GG	54	0.057631	13332:G:GG	FN	diff POS
13373	C	926	CGAA	44	0.047516	13373:C:CGAA	FN	diff POS
13401	A	909	ACG	44	0.048405	13401:A:ACG	FN	diff POS
13413	C	908	CAACGT	37	0.040749	13413:C:CAACGT	FN	diff POS
13430	G	906	GA	35	0.038631	13430:G:GA	FN	diff POS
13432	C	909	CTCT	37	0.040704	13432:C:CTCT	FN	diff POS
13474	G	908	GA	45	0.049559	13474:G:GA	FN	diff POS
13480	GGGACC	913	G	47	0.051479	13480:GGGACC:G	FN	diff POS
13492	C	938	CT	46	0.049041	13492:C:CT	FN	diff POS
13495	G	941	GGC	43	0.045696	13495:G:GGC	FN	diff POS
13513	A	952	AG	44	0.046218	13513:A:AG	FN	diff POS
13566	GGAGC	933	G	40	0.042872	13566:GGAGC:G	FN	diff POS
13573	GGTT	931	G	48	0.051557	13573:GGTT:G	FN	diff POS
13592	G	935	GG	47	0.050267	13592:G:GG	FN	diff POS
13595	GGACC	943	G	36	0.038176	13595:GGACC:G	FN	diff POS
13610	A	943	ATGTCTCTTCG	34	0.036055	13610:A:ATGTCTCTTCG	FN	diff POS
13615	C	948	CGCGACC	38	0.040084	13615:C:CGCGACC	FN	diff POS
13636	CCTGA	963	C	54	0.056075	13636:CCTGA:C	FN	diff POS
13639	G	905	GAC	38	0.041989	13639:G:GAC	FN	diff POS
13644	G	975	GAA	38	0.038974	13644:G:GAA	FN	diff POS
13644	G	975	GGAAGGCTT	37	0.037949	13644:G:GGAAGGCTT	FN	diff POS
13701	G	1003	GTCT	56	0.055833	13701:G:GTCT	FN	diff POS
13723	G	999	GATCGGACT	42	0.042042	13723:G:GATCGGACT	FN	same POS
13748	AACCA	987	A	47	0.047619	13748:AACCA:A	FN	same POS
13766	GGGAG	957	G	43	0.044932	13766:GGGAG:G	FN	diff POS
13790	G	989	GTA	50	0.050556	13790:G:GTA	FN	diff POS
13795	A	997	AAA	67	0.067202	13795:A:AAA	FN	diff POS
13812	GG	984	G	65	0.066057	13812:GG:G	FN	same POS
13845	T	966	TC	30	0.031056	13845:T:TC	FN	diff POS
13912	AAGA	991	A	43	0.043391	13912:AAGA:A	FN	diff POS
13987	AAGT	985	A	34	0.034518	13987:AAGT:A	FN	diff POS
13995	C	1002	CTTTAAAGAC	40	0.03992	13995:C:CTTTAAAGAC	FN	diff POS
14007	C	991	CA	46	0.046418	14007:C:CA	FN	diff POS
14031	T	997	TAT	43	0.043129	14031:T:TAT	FN	diff POS
14085	C	999	CATGTA	51	0.051051	14085:C:CATGTA	FN	diff POS
14127	A	999	AACTTA	45	0.045045	14127:A:AACTTA	FN	diff POS
14127	A	999	AAC	3	0.003003	14127:A:AAC	FN	diff POS
14138	AA	1010	A	48	0.047525	14138:AA:A	FN	same POS
14146	AA	947	A	54	0.057022	14146:AA:A	FN	diff POS
14149	CCCAG	1009	C	47	0.046581	14149:CCCAG:C	FN	diff POS
14194	T	1008	TT	36	0.035714	14194:T:TT	FN	diff POS
14213	C	1005	CG	44	0.043781	14213:C:CG	FN	diff POS
14258	T	1001	TTCC	40	0.03996	14258:T:TTCC	FN	diff POS
14375	T	1005	TGCT	43	0.042786	14375:T:TGCT	FN	diff POS
14431	C	988	CTG	42	0.04251	14431:C:CTG	FN	diff POS
14444	TT	974	T	56	0.057495	14444:TT:T	FN	same POS
14517	T	964	TA	45	0.04668	14517:T:TA	FN	diff POS
14563	C	985	CAACTCC	93	0.094416	14563:C:CAACTCC	FN	diff POS
14599	TTGCC	973	T	47	0.048304	14599:TTGCC:T	FN	diff POS
14600	GGCCT	923	G	38	0.04117	14600:GGCCT:G	FN	same POS
14662	C	955	CTAACGGGGGC	34	0.035602	14662:C:CTAACGGGGGC	FN	diff POS
14685	AA	939	A	45	0.047923	14685:AA:A	FN	same POS
14723	TTGA	932	T	46	0.049356	14723:TTGA:T	FN	diff POS
14740	C	926	CC	49	0.052916	14740:C:CC	FN	diff POS
14753	T	953	TC	54	0.056663	14753:T:TC	FN	diff POS
14899	A	968	ATA	50	0.051653	14899:A:ATA	FN	diff POS
14931	T	962	TCCAT	58	0.060291	14931:T:TCCAT	FN	diff POS
14938	AAGTA	962	A	53	0.055094	14938:AAGTA:A	FN	diff POS
14964	G	971	GCCTCGG	57	0.058702	14964:G:GCCTCGG	FN	diff POS
14975	C	968	CG	49	0.05062	14975:C:CG	FN	diff POS
15008	C	993	CC	52	0.052367	15008:C:CC	FN	diff POS
15056	A	1017	ATG	47	0.046214	15056:A:ATG	FN	diff POS
15097	C	978	CG	44	0.04499	15097:C:CG	FN	diff POS
15135	AA	996	A	38	0.038153	15135:AA:A	FN	diff POS
15151	T	1004	TTGT	55	0.054781	15151:T:TTGT	FN	diff POS
15158	CC	995	C	37	0.037186	15158:CC:C	FN	same POS
15317	C	978	CTC	53	0.054192	15317:C:CTC	FN	diff POS
15365	CCC	1011	C	51	0.050445	15365:CCC:C	FN	same POS
15368	C	1013	CA	52	0.051333	15368:C:CA	FN	diff POS
15395	AACA	1001	A	41	0.040959	15395:AACA:A	FN	diff POS
15399	AAGTC	955	A	50	0.052356	15399:AAGTC:A	FN	same POS
15420	G	1008	GGT	47	0.046627	15420:G:GGT	FN	diff POS
15423	GG	1011	G	45	0.04451	15423:GG:G	FN	diff POS
15446	C	1010	CTCG	50	0.049505	15446:C:CTCG	FN	diff POS
15477	G	1014	GAACA	40	0.039448	15477:G:GAACA	FN	diff POS
15520	CCGACA	1030	C	42	0.040777	15520:CCGACA:C	FN	diff POS
15559	G	1046	GAAGGGTTTC	44	0.042065	15559:G:GAAGGGTTTC	FN	diff POS
15562	T	1034	TT	52	0.05029	15562:T:TT	FN	diff POS
15564	CC	1040	C	70	0.067308	15564:CC:C	FN	same POS
15622	C	1008	CCT	45	0.044643	15622:C:CCT	FN	diff POS
15634	T	997	TT	63	0.06319	15634:T:TT	FN	diff POS
15641	CC	1025	C	48	0.046829	15641:CC:C	FN	same POS
15673	T	1000	TGG	44	0.044	15673:T:TGG	FN	diff POS
15779	A	1003	AT	69	0.068794	15779:A:AT	FN	diff POS
15795	AA	976	A	36	0.036885	15795:AA:A	FN	diff POS
15803	AAA	989	A	41	0.041456	15803:AAA:A	FN	diff POS
15814	G	993	GGT	51	0.05136	15814:G:GGT	FN	diff POS
15855	CCGCA	970	C	55	0.056701	15855:CCGCA:C	FN	same POS
15867	CC	970	C	52	0.053608	15867:CC:C	FN	same POS
15895	GGGCTC	963	G	57	0.05919	15895:GGGCTC:G	FN	diff POS
15922	GGG	955	G	58	0.060733	15922:GGG:G	FN	same POS
15966	CCCAG	971	C	39	0.040165	15966:CCCAG:C	FN	same POS
15971	C	961	CTCTAAC	47	0.048907	15971:C:CTCTAAC	FN	diff POS
15971	C	961	CTCTAA	3	0.003122	15971:C:CTCTAA	FN	diff POS
16026	T	932	TCT	52	0.055794	16026:T:TCT	FN	diff POS
16029	T	930	TC	58	0.062366	16029:T:TC	FN	diff POS
16061	G	978	GCCTTG	64	0.06544	16061:G:GCCTTG	FN	diff POS
16060	GGG	978	G	56	0.05726	16060:GGG:G	FN	same POS
16143	TT	997	T	62	0.062187	16143:TT:T	FN	diff POS
16167	A	1018	AAGTGTCGGGT	49	0.048134	16167:A:AAGTGTCGGGT	FN	diff POS
16175	A	1020	ACTTA	48	0.047059	16175:A:ACTTA	FN	diff POS
16186	G	994	GA	56	0.056338	16186:G:GA	FN	diff POS
16192	T	1000	TGCTGACT	48	0.048	16192:T:TGCTGACT	FN	diff POS
16205	T	1003	TTGCT	60	0.059821	16205:T:TTGCT	FN	diff POS
16205	AAGT	1003	A	45	0.044865	16205:AAGT:A	FN	diff POS
16210	C	1009	CG	60	0.059465	16210:C:CG	FN	diff POS
16218	T	1014	TC	49	0.048323	16218:T:TC	FN	diff POS
16218	T	1014	TCCCTCT	42	0.04142	16218:T:TCCCTCT	FN	diff POS
16223	GG	999	G	57	0.057057	16223:GG:G	FN	diff POS
16236	A	997	AC	62	0.062187	16236:A:AC	FN	diff POS
16239	A	909	AGC	47	0.051705	16239:A:AGC	FN	diff POS
16248	G	1000	GATGC	48	0.048	16248:G:GATGC	FN	diff POS
16253	GGAG	1003	G	61	0.060818	16253:GGAG:G	FN	diff POS
16263	T	1005	TCAACA	45	0.044776	16263:T:TCAACA	FN	diff POS
16269	C	1016	CATGATCATCG	56	0.055118	16269:C:CATGATCATCG	FN	diff POS
16277	C	1000	CTTTTT	36	0.036	16277:C:CTTTTT	FN	diff POS
16289	CCATCT	979	C	40	0.040858	16289:CCATCT:C	FN	diff POS
16304	A	984	AT	55	0.055894	16304:A:AT	FN	diff POS
16318	C	956	CACACAGAAC	47	0.049163	16318:C:CACACAGAAC	FN	diff POS
16348	T	962	TT	87	0.090437	16348:T:TT	FN	diff POS
16347	TTT	962	T	58	0.060291	16347:TTT:T	FN	same POS
16354	A	959	ACG	50	0.052138	16354:A:ACG	FN	diff POS
16382	C	1006	CC	50	0.049702	16382:C:CC	FN	diff POS
16389	T	1002	TATACG	34	0.033932	16389:T:TATACG	FN	diff POS
16415	A	990	ACAG	56	0.056566	16415:A:ACAG	FN	diff POS
16427	T	991	TT	48	0.048436	16427:T:TT	FN	diff POS
16452	G	983	GCAGGA	38	0.038657	16452:G:GCAGGA	FN	diff POS
16553	A	983	AG	50	0.050865	16553:A:AG	FN	diff POS
16606	A	1006	AC	42	0.04175	16606:A:AC	FN	diff POS
16743	CCTCC	1016	C	47	0.04626	16743:CCTCC:C	FN	diff POS
16800	G	979	GCTG	39	0.039837	16800:G:GCTG	FN	diff POS
16831	C	993	CGA	44	0.04431	16831:C:CGA	FN	diff POS
16833	C	998	CC	44	0.044088	16833:C:CC	FN	diff POS
16871	C	1019	CCT	51	0.050049	16871:C:CCT	FN	diff POS
16876	G	1013	GGGATACAC	49	0.048371	16876:G:GGGATACAC	FN	diff POS
16888	C	997	CCGATA	36	0.036108	16888:C:CCGATA	FN	diff POS
16927	AAGC	1024	A	53	0.051758	16927:AAGC:A	FN	diff POS
17034	AA	1060	A	61	0.057547	17034:AA:A	FN	diff POS
17070	GGAAC	1089	G	47	0.043159	17070:GGAAC:G	FN	diff POS
17071	AAA	1047	A	65	0.062082	17071:AAA:A	FN	same POS
17092	GG	1103	G	63	0.057117	17092:GG:G	FN	diff POS
17297	T	969	TCA	55	0.05676	17297:T:TCA	FN	diff POS
17380	G	969	GAC	56	0.057792	17380:G:GAC	FN	diff POS
17382	G	970	GTG	39	0.040206	17382:G:GTG	FN	same POS
17421	G	939	GCGG	46	0.048988	17421:G:GCGG	FN	diff POS
17421	TTG	934	T	50	0.053533	17421:TTG:T	FN	diff POS
17484	A	954	AAC	46	0.048218	17484:A:AAC	FN	diff POS
17486	C	959	CCCTGAAC	51	0.05318	17486:C:CCCTGAAC	FN	diff POS
17516	TTCTC	944	T	42	0.044492	17516:TTCTC:T	FN	diff POS
17557	T	939	TATAGT	51	0.054313	17557:T:TATAGT	FN	diff POS
17610	TTAA	942	T	44	0.046709	17610:TTAA:T	FN	same POS
17735	C	912	CAC	52	0.057018	17735:C:CAC	FN	diff POS
17742	C	956	CTCC	41	0.042887	17742:C:CTCC	FN	same POS
17744	T	954	TAT	42	0.044025	17744:T:TAT	FN	diff POS
17800	A	970	AGGGCCCT	40	0.041237	17800:A:AGGGCCCT	FN	diff POS
17831	T	981	TA	47	0.04791	17831:T:TA	FN	diff POS
17854	A	994	ATAG	65	0.065392	17854:A:ATAG	FN	diff POS
17887	T	964	TCCCTGGCTGT	47	0.048755	17887:T:TCCCTGGCTGT	FN	diff POS
17942	TTTTG	954	T	45	0.04717	17942:TTTTG:T	FN	diff POS
17944	T	908	TTG	37	0.040749	17944:T:TTG	FN	diff POS
17950	C	947	CG	42	0.044351	17950:C:CG	FN	diff POS
17963	TTT	939	T	42	0.044728	17963:TTT:T	FN	diff POS
18082	TTAC	1007	T	53	0.052632	18082:TTAC:T	FN	diff POS
18086	C	1003	CAT	52	0.051844	18086:C:CAT	FN	diff POS
18094	A	1007	AAAAA	56	0.055611	18094:A:AAAAA	FN	diff POS
18111	TTG	1017	T	46	0.045231	18111:TTG:T	FN	diff POS
18144	T	1017	TCCACAT	66	0.064897	18144:T:TCCACAT	FN	diff POS
18195	T	1048	TGGTACCA	39	0.037214	18195:T:TGGTACCA	FN	diff POS
18203	A	1040	ATT	67	0.064423	18203:A:ATT	FN	diff POS
18236	TTT	1057	T	63	0.059603	18236:TTT:T	FN	diff POS
18238	T	990	TT	47	0.047475	18238:T:TT	FN	diff POS
18257	T	1046	TACAGAAGA	61	0.058317	18257:T:TACAGAAGA	FN	diff POS
18294	GGTGC	1047	G	55	0.052531	18294:GGTGC:G	FN	same POS
18309	T	1025	TTACT	48	0.046829	18309:T:TTACT	FN	diff POS
18422	T	1031	TCC	51	0.049467	18422:T:TCC	FN	diff POS
18433	GGGC	1025	G	56	0.054634	18433:GGGC:G	FN	diff POS
18439	C	1026	CCA	51	0.049708	18439:C:CCA	FN	diff POS
18469	T	1043	TT	49	0.04698	18469:T:TT	FN	diff POS
18471	C	1045	CT	38	0.036364	18471:C:CT	FN	diff POS
18491	TT	1021	T	56	0.054848	18491:TT:T	FN	diff POS
18515	TTAC	1033	T	43	0.041626	18515:TTAC:T	FN	diff POS
18526	G	1040	GACA	50	0.048077	18526:G:GACA	FN	diff POS
18568	TT	1018	T	59	0.057957	18568:TT:T	FN	same POS
18579	T	1021	TAGT	50	0.048972	18579:T:TAGT	FN	diff POS
18578	TTCTG	1021	T	40	0.039177	18578:TTCTG:T	FN	diff POS
18598	G	1041	GG	45	0.043228	18598:G:GG	FN	diff POS
18605	G	1042	GTGCTTCGATA	41	0.039347	18605:G:GTGCTTCGATA	FN	diff POS
18661	GG	1011	G	50	0.049456	18661:GG:G	FN	diff POS
18678	CCC	989	C	56	0.056623	18678:CCC:C	FN	diff POS
18683	CC	988	C	55	0.055668	18683:CC:C	FN	diff POS
18728	C	909	CG	54	0.059406	18728:C:CG	FN	diff POS
18776	A	786	ATGG	31	0.03944	18776:A:ATGG	FN	diff POS
