CHROM	POS	ID	REF	ALT	QUAL	FILTER	Key	Indiv	gt_AD	gt_AF	gt_DP	gt_F1R2	gt_F2R1	gt_FAD	gt_GQ	gt_GT	gt_PGT	gt_PID	gt_PL	gt_PS	gt_SB	gt_GT_alleles	mut	type
hg38_knownGene_ENST00000610292.4	334		G	GC			28	Merged	421,61	0.129	519	162,18	160,24	407,64		0/0/0/0/1					235,186,49,49	G/G/G/G/GC	334:G:GC	TP
hg38_knownGene_ENST00000610292.4	441		G	GTTCC			78	Merged	222,55	0.19	277	87,18	86,21	234,54		0|1	0|1	441_G_GTTCC		441	111,111,25,30	G|GTTCC	441:G:GTTCC	TP
hg38_knownGene_ENST00000610292.4	452		C	CG			84	Merged	248,56	0.177	304	95,18	98,20	256,54		0|1	0|1	441_G_GTTCC		441	128,120,26,30	C|CG	452:C:CG	TP
hg38_knownGene_ENST00000610292.4	595		T	TG			150	Merged	314,50	0.132	364	119,19	126,22	314,47		0|1	0|1	583_A_T		583	167,147,24,26	T|TG	595:T:TG	TP
hg38_knownGene_ENST00000610292.4	604		T	TTA			155	Merged	261,73	0.204	334	91,30	115,20	258,65		0|1	0|1	604_T_TTA		604	130,131,43,30	T|TTA	604:T:TTA	TP
hg38_knownGene_ENST00000610292.4	672		C	CGCCTAAATCG			181	Merged	162,45	0.181	207	47,7	57,10	159,34		0|1	0|1	604_T_TTA		604	80,82,22,23	C|CGCCTAAATCG	672:C:CGCCTAAATCG	TP
hg38_knownGene_ENST00000610292.4	737		G	GAGC			207	Merged	125,60	0.292	203	39,29	44,18	123,56		0/0/1					62,63,38,40	G/G/GAGC	737:G:GAGC	TP
hg38_knownGene_ENST00000610292.4	888		G	GAT			251	Merged	93,14	0.15	107	36,8	41,6	84,14		0|1	0|1	888_G_GAT		888	49,44,5,9	G|GAT	888:G:GAT	TP
hg38_knownGene_ENST00000610292.4	1302		G	GCC			398	Merged	119,30	0.152	198	58,10	50,14	118,29		0/0/1					66,53,48,31	G/G/GCC	1302:G:GCC	TP
hg38_knownGene_ENST00000610292.4	1336		A	ATGGC			412	Merged	148,45	0.235	193	67,15	58,19	142,43		0|1	0|1	1311_C_T		1311	73,75,29,16	A|ATGGC	1336:A:ATGGC	TP
hg38_knownGene_ENST00000610292.4	1457		C	CCGCGG			461	Merged	108,25	0.179	133	41,18	55,7	119,25		0|1	0|1	1387_T_C		1387	46,62,14,11	C|CCGCGG	1457:C:CCGCGG	TP
hg38_knownGene_ENST00000610292.4	1508		C	CT			473	Merged	62,29	0.326	91	28,14	32,12	61,29		0|1	0|1	1493_T_C		1493	27,35,12,17	C|CT	1508:C:CT	TP
hg38_knownGene_ENST00000610292.4	1545		C	CA			482	Merged	15,25	0.43	60	3,11	10,13	13,25		0/0/1					7,8,20,25	C/C/CA	1545:C:CA	TP
hg38_knownGene_ENST00000610292.4	1720		G	GATACGTAC			535	Merged	139,18	0.091	201	62,7	68,7	136,18		0/0/1					72,67,28,34	G/G/GATACGTAC	1720:G:GATACGTAC	TP
hg38_knownGene_ENST00000610292.4	2090		A	AC			633	Merged	196,18	0.081	232	74,8	82,10	193,18		0/1/0					87,109,25,11	A/AC/A	2090:A:AC	TP
hg38_knownGene_ENST00000610292.4	2215		T	TC			689	Merged	196,25	0.1	221	76,8	70,12	187,20		0|1	0|1	2187_C_T		2187	99,97,14,11	T|TC	2215:T:TC	TP
hg38_knownGene_ENST00000610292.4	2283		G	GCATTTCA			714	Merged	146,25	0.131	171	41,8	42,12	138,20		0|1	0|1	2187_C_T		2187	73,73,14,11	G|GCATTTCA	2283:G:GCATTTCA	TP
hg38_knownGene_ENST00000610292.4	2318		A	AG			724	Merged	145,13	0.083	158	39,5	49,8	153,13		0|1	0|1	2318_A_AG		2318	74,71,8,5	A|AG	2318:A:AG	TP
hg38_knownGene_ENST00000610292.4	2825		T	TA			855	Merged	225,38	0.146	263	91,14	99,8	222,37		0|1	0|1	2825_T_TA		2825	127,98,22,16	T|TA	2825:T:TA	TP
hg38_knownGene_ENST00000610292.4	2895		C	CTA			892	Merged	144,34	0.13	270	59,15	56,15	127,34		0/1/0/0					84,60,72,54	C/CTA/C/C	2895:C:CTA	TP
hg38_knownGene_ENST00000610292.4	2921		G	GTC			907	Merged	198,14	0.044	212	73,3	78,5	195,8		0|1	0|1	2910_T_C		2910	109,89,8,6	G|GTC	2921:G:GTC	TP
hg38_knownGene_ENST00000610292.4	2964		A	AC			919	Merged	170,21	0.121	191	63,4	57,9	159,21		0|1	0|1	2964_A_AC		2964	90,80,12,9	A|AC	2964:A:AC	TP
hg38_knownGene_ENST00000610292.4	3144		A	AC			977	Merged	111,51	0.325	162	53,13	49,15	105,50		0|1	0|1	3144_A_AC		3144	51,60,26,25	A|AC	3144:A:AC	TP
hg38_knownGene_ENST00000610292.4	3490		A	AGACCGG			1110	Merged	179,53	0.208	254	68,16	54,7	173,50		0/0/1					101,78,34,41	A/A/AGACCGG	3490:A:AGACCGG	TP
hg38_knownGene_ENST00000610292.4	3865		A	AC			1233	Merged	295,14	0.048	309	122,5	73,8	300,14		0|1	0|1	3859_A_G		3859	165,130,6,8	A|AC	3865:A:AC	TP
hg38_knownGene_ENST00000610292.4	4016		T	TAA			1286	Merged	331,36	0.101	367	109,15	114,20	329,36		0|1	0|1	3969_A_C		3969	165,166,14,22	T|TAA	4016:T:TAA	TP
hg38_knownGene_ENST00000610292.4	4024		G	GATCCGA			1290	Merged	333,46	0.122	379	117,13	122,12	338,46		0|1	0|1	3895_A_G		3895	155,178,26,20	G|GATCCGA	4024:G:GATCCGA	TP
hg38_knownGene_ENST00000610292.4	4079		A	AGG			1318	Merged	461,22	0.048	483	160,12	171,10	451,22		0/1					227,234,11,11	A/AGG	4079:A:AGG	TP
hg38_knownGene_ENST00000610292.4	4123		C	CG			1333	Merged	218,48	0.175	266	92,15	89,21	221,46		0|1	0|1	4117_C_T		4117	106,112,28,20	C|CG	4123:C:CG	TP
hg38_knownGene_ENST00000610292.4	4149		A	ATTGCG			1348	Merged	206,24	0.084	230	79,8	74,9	207,18		0|1	0|1	4128_G_A		4128	106,100,13,11	A|ATTGCG	4149:A:ATTGCG	TP
hg38_knownGene_ENST00000610292.4	4267		G	GCAAAACCCGA			1399	Merged	444,17	0.026	461	155,5	180,6	443,11		0|1	0|1	4267_G_GCAAAACCCGA		4267	228,216,12,5	G|GCAAAACCCGA	4267:G:GCAAAACCCGA	TP
hg38_knownGene_ENST00000610292.4	4381		G	GTCGTT			1455	Merged	306,53	0.14	359	121,20	98,22	307,49		0|1	0|1	4331_C_T		4331	158,148,28,25	G|GTCGTT	4381:G:GTCGTT	TP
hg38_knownGene_ENST00000610292.4	4526		C	CT			1518	Merged	115,40	0.23	169	48,14	39,16	115,40		0/0/1					56,59,27,27	C/C/CT	4526:C:CT	TP
hg38_knownGene_ENST00000610292.4	4625		A	AG			1549	Merged	16,68	0.8	84	6,23	5,31	16,67		0/1					11,5,38,30	A/AG	4625:A:AG	TP
hg38_knownGene_ENST00000610292.4	4736		G	GAGT			1569	Merged	86,55	0.332	141	40,11	36,14	86,42		0|1	0|1	4692_A_G		4692	42,44,24,31	G|GAGT	4736:G:GAGT	TP
hg38_knownGene_ENST00000610292.4	4867		T	TG			1584	Merged	35,24	0.203	59	16,4	17,4	34,8		0|1	0|1	4842_A_T		4842	14,21,11,13	T|TG	4867:T:TG	TP
hg38_knownGene_ENST00000610292.4	4869		C	CCG			1586	Merged	13,23	0.54	60	6,10	5,12	11,23		0/0/1					6,7,20,27	C/C/CCG	4869:C:CCG	TP
hg38_knownGene_ENST00000610292.4	5036		T	TTA			1637	Merged	234,20	0.06	254	94,4	67,9	232,14		0/1					119,115,9,11	T/TTA	5036:T:TTA	TP
hg38_knownGene_ENST00000610292.4	5038		A	AG			1639	Merged	242,22	0.086	264	87,13	70,8	242,22		0|1	0|1	5037_C_G		5037	121,121,14,8	A|AG	5038:A:AG	TP
hg38_knownGene_ENST00000610292.4	5237		A	AG			1700	Merged	75,28	0.139	115	34,7	34,6	74,13		0/1/0					43,32,23,17	A/AG/A	5237:A:AG	TP
hg38_knownGene_ENST00000610292.4	5351		A	ACGCG			1736	Merged	272,25	0.088	297	104,15	123,8	269,25		0|1	0|1	5351_A_ACGCG		5351	124,148,13,12	A|ACGCG	5351:A:ACGCG	TP
hg38_knownGene_ENST00000610292.4	5408		A	AT			1762	Merged	101,25	0.183	148	35,7	38,7	93,25		0/0/1					42,59,19,28	A/A/AT	5408:A:AT	TP
hg38_knownGene_ENST00000610292.4	5489		G	GTAGA			1785	Merged	85,34	0.224	154	34,16	42,17	83,34		0/0/1					33,52,40,29	G/G/GTAGA	5489:G:GTAGA	TP
hg38_knownGene_ENST00000610292.4	5756		C	CCAG			1915	Merged	494,54	0.102	548	172,21	196,18	481,54		0/1					267,227,29,25	C/CCAG	5756:C:CCAG	TP
hg38_knownGene_ENST00000610292.4	5822		A	AG			1959	Merged	556,60	0.099	616	168,11	196,17	517,56		0|1	0|1	5718_A_G		5718	282,274,28,32	A|AG	5822:A:AG	TP
hg38_knownGene_ENST00000610292.4	6348		A	AGT			2179	Merged	193,32	0.148	225	81,18	82,11	181,32		0/1					108,85,20,12	A/AGT	6348:A:AGT	TP
hg38_knownGene_ENST00000610292.4	6545		A	AC			2251	Merged	101,19	0.123	161	26,3	33,14	91,18		0/0/1					58,43,28,32	A/A/AC	6545:A:AC	TP
hg38_knownGene_ENST00000610292.4	6796		T	TCAAGACGAC			2378	Merged	248,22	0.088	270	81,12	101,9	236,22		0|1	0|1	6710_G_T		6710	124,124,16,6	T|TCAAGACGAC	6796:T:TCAAGACGAC	TP
hg38_knownGene_ENST00000610292.4	6937		C	CCCT			2429	Merged	183,20	0.102	203	79,9	83,9	184,20		0/1					89,94,9,11	C/CCCT	6937:C:CCCT	TP
hg38_knownGene_ENST00000610292.4	7376		G	GCC			2525	Merged	136,59	0.275	195	56,23	64,23	134,51		0|1	0|1	7362_T_C		7362	62,74,29,30	G|GCC	7376:G:GCC	TP
hg38_knownGene_ENST00000610292.4	7387		C	CT			2532	Merged	193,17	0.077	210	77,9	92,5	190,15		0|1	0|1	7369_C_T		7369	85,108,12,5	C|CT	7387:C:CT	TP
hg38_knownGene_ENST00000610292.4	7392		C	CGT			2536	Merged	131,61	0.252	219	58,23	60,23	129,52		0/0/1					62,69,37,51	C/C/CGT	7392:C:CGT	TP
hg38_knownGene_ENST00000610292.4	7752		A	ATTGGATGC			2672	Merged	360,45	0.106	405	133,20	135,18	362,42		0|1	0|1	7748_T_A		7748	182,178,22,23	A|ATTGGATGC	7752:A:ATTGGATGC	TP
hg38_knownGene_ENST00000610292.4	7901		C	CGCG			2723	Merged	123,20	0.096	143	59,4	47,7	121,12		0/1					66,57,10,10	C/CGCG	7901:C:CGCG	TP
hg38_knownGene_ENST00000610292.4	8132		G	GTCACAA			2821	Merged	412,50	0.097	509	169,19	184,16	414,49		0/0/1					207,205,50,47	G/G/GTCACAA	8132:G:GTCACAA	TP
hg38_knownGene_ENST00000610292.4	8149		C	CCG			2829	Merged	490,59	0.103	549	199,17	212,20	485,55		0|1	0|1	8124_G_T		8124	251,239,26,33	C|CCG	8149:C:CCG	TP
hg38_knownGene_ENST00000610292.4	8158		A	AT			2833	Merged	506,48	0.087	554	191,20	208,21	504,47		0|1	0|1	8147_C_A		8147	248,258,24,24	A|AT	8158:A:AT	TP
hg38_knownGene_ENST00000610292.4	8332		G	GCT			2926	Merged	268,20	0.057	343	114,8	106,9	258,18		0/0/1					128,140,40,35	G/G/GCT	8332:G:GCT	TP
hg38_knownGene_ENST00000610292.4	8405		G	GGC			2957	Merged	269,47	0.155	316	105,11	96,8	266,48		0|1	0|1	8357_G_A		8357	139,130,18,29	G|GGC	8405:G:GGC	TP
hg38_knownGene_ENST00000610292.4	8431		C	CA			2965	Merged	115,27	0.155	142	46,9	41,9	108,19		0|1	0|1	8431_C_CA		8431	48,67,15,12	C|CA	8431:C:CA	TP
hg38_knownGene_ENST00000610292.4	8552		A	ATC			3002	Merged	256,14	0.044	270	96,1	95,6	257,11		0/1					123,133,7,7	A/ATC	8552:A:ATC	TP
hg38_knownGene_ENST00000610292.4	8731		C	CCTACATGG			3082	Merged	288,5	0.016	310	104,0	105,4	287,4		0/0/1					152,136,12,10	C/C/CCTACATGG	8731:C:CCTACATGG	TP
hg38_knownGene_ENST00000610292.4	8911		T	TAC			3198	Merged	449,23	0.035	523	162,8	163,9	444,17		0/0/1					234,215,36,38	T/T/TAC	8911:T:TAC	TP
hg38_knownGene_ENST00000610292.4	8913		G	GA			3201	Merged	352,60	0.11	529	128,22	127,24	336,56		0/0/0/1					169,183,103,74	G/G/G/GA	8913:G:GA	TP
hg38_knownGene_ENST00000610292.4	9277		G	GT			3378	Merged	395,48	0.094	447	170,24	159,17	403,42		0/0/1					200,195,27,25	G/G/GT	9277:G:GT	TP
hg38_knownGene_ENST00000610292.4	9285		G	GC			3382	Merged	460,40	0.082	500	192,11	171,13	458,40		0|1	0|1	9273_G_A		9273	228,232,24,16	G|GC	9285:G:GC	TP
hg38_knownGene_ENST00000610292.4	9417		T	TC			3470	Merged	574,41	0.066	615	193,17	208,20	568,39		0|1	0|1	9368_C_T		9368	286,288,22,19	T|TC	9417:T:TC	TP
hg38_knownGene_ENST00000610292.4	9582		T	TC			3551	Merged	324,52	0.151	376	116,21	114,16	297,52		0|1	0|1	9549_G_A		9549	171,153,33,19	T|TC	9582:T:TC	TP
hg38_knownGene_ENST00000610292.4	9700		T	TATAGTGCC			3609	Merged	261,26	0.089	287	100,10	103,10	261,25		0/1					136,125,9,17	T/TATAGTGCC	9700:T:TATAGTGCC	TP
hg38_knownGene_ENST00000610292.4	9783		T	TAGCC			3658	Merged	258,17	0.064	275	113,7	106,8	264,17		0|1	0|1	9773_T_C		9773	135,123,7,10	T|TAGCC	9783:T:TAGCC	TP
hg38_knownGene_ENST00000610292.4	9794		G	GC			3666	Merged	246,8	0.032	278	109,5	94,3	247,8		0/1/0					123,123,18,14	G/GC/G	9794:G:GC	TP
hg38_knownGene_ENST00000610292.4	9845		A	AATCAGCGGCC			3688	Merged	177,24	0.111	220	75,8	74,11	180,24		0/0/1					87,90,26,17	A/A/AATCAGCGGCC	9845:A:AATCAGCGGCC	TP
hg38_knownGene_ENST00000610292.4	9847		A	AT			3690	Merged	183,39	0.184	222	66,19	77,18	176,39		0|1	0|1	9847_A_AT		9847	100,83,16,23	A|AT	9847:A:AT	TP
hg38_knownGene_ENST00000610292.4	9949		G	GGC			3725	Merged	198,59	0.211	257	70,15	91,20	190,53		0|1	0|1	9907_CATGT_C		9907	96,102,35,24	G|GGC	9949:G:GGC	TP
hg38_knownGene_ENST00000610292.4	10014		A	AT			3758	Merged	197,26	0.108	264	53,10	59,14	180,26		0/0/1					91,106,35,32	A/A/AT	10014:A:AT	TP
hg38_knownGene_ENST00000610292.4	10049		A	ACT			3773	Merged	233,51	0.152	317	78,12	84,13	222,49		0/0/1					114,119,38,46	A/A/ACT	10049:A:ACT	TP
hg38_knownGene_ENST00000610292.4	10232		T	TA			3853	Merged	212,65	0.201	328	85,24	80,23	211,65		0/0/1					118,94,61,55	T/T/TA	10232:T:TA	TP
hg38_knownGene_ENST00000610292.4	10259		T	TGAAATCTGC			3862	Merged	161,35	0.173	219	63,17	61,15	152,35		0/0/1					88,73,32,26	T/T/TGAAATCTGC	10259:T:TGAAATCTGC	TP
hg38_knownGene_ENST00000610292.4	10365		T	TTGCGCG			3894	Merged	147,27	0.124	195	40,11	40,10	140,23		0/0/1					74,73,25,23	T/T/TTGCGCG	10365:T:TTGCGCG	TP
hg38_knownGene_ENST00000610292.4	10756		T	TGA			4011	Merged	158,65	0.286	223	57,17	63,28	156,62		0|1	0|1	10711_G_A		10711	80,78,34,31	T|TGA	10756:T:TGA	TP
hg38_knownGene_ENST00000610292.4	10904		C	CA			4084	Merged	273,53	0.141	363	133,21	94,15	271,50		0/0/1					137,136,42,48	C/C/CA	10904:C:CA	TP
hg38_knownGene_ENST00000610292.4	10932		T	TC			4096	Merged	329,35	0.083	364	149,17	103,6	321,28		0|1	0|1	10900_C_G		10900	154,175,24,11	T|TC	10932:T:TC	TP
hg38_knownGene_ENST00000610292.4	11043		A	AAGTGGGTTT			4152	Merged	336,25	0.049	403	123,8	121,6	324,18		0/0/1					159,177,31,36	A/A/AAGTGGGTTT	11043:A:AAGTGGGTTT	TP
hg38_knownGene_ENST00000610292.4	11144		T	TGTC			4194	Merged	275,59	0.178	334	99,14	101,23	263,56		0|1	0|1	11135_C_G		11135	128,147,30,29	T|TGTC	11144:T:TGTC	TP
hg38_knownGene_ENST00000610292.4	11156		G	GTCC			4199	Merged	220,57	0.157	327	71,15	77,11	214,46		0/0/1					106,114,48,59	G/G/GTCC	11156:G:GTCC	TP
hg38_knownGene_ENST00000610292.4	11364		C	CGT			4263	Merged	76,53	0.421	129	27,17	26,8	69,50		0|1	0|1	11263_T_C		11263	42,34,24,29	C|CGT	11364:C:CGT	TP
hg38_knownGene_ENST00000610292.4	11667		C	CA			4344	Merged	132,29	0.184	161	62,13	55,16	132,29		0|1	0|1	11659_G_A		11659	70,62,18,11	C|CA	11667:C:CA	TP
hg38_knownGene_ENST00000610292.4	12043		C	CA			4486	Merged	224,34	0.134	258	87,16	91,15	225,34		0|1	0|1	11968_G_A		11968	124,100,20,14	C|CA	12043:C:CA	TP
hg38_knownGene_ENST00000610292.4	12178		T	TCC			4541	Merged	236,4	0.021	240	89,4	82,0	236,4		0|1	0|1	12162_T_A		12162	120,116,0,4	T|TCC	12178:T:TCC	TP
hg38_knownGene_ENST00000610292.4	12269		G	GAACGTTGCCT			4584	Merged	179,35	0.14	254	67,11	72,14	167,34		0/0/1					90,89,43,32	G/G/GAACGTTGCCT	12269:G:GAACGTTGCCT	TP
hg38_knownGene_ENST00000610292.4	12294		C	CGA			4593	Merged	194,23	0.114	217	73,4	70,10	186,23		0|1	0|1	12231_T_C		12231	104,90,11,12	C|CGA	12294:C:CGA	TP
hg38_knownGene_ENST00000610292.4	12302		G	GAT			4597	Merged	177,20	0.109	197	65,3	64,9	171,20		0|1	0|1	12231_T_C		12231	93,84,9,11	G|GAT	12302:G:GAT	TP
hg38_knownGene_ENST00000610292.4	12451		G	GGCAGCGA			4646	Merged	97,30	0.244	127	40,14	38,11	95,30		0|1	0|1	12427_A_G		12427	47,50,15,15	G|GGCAGCGA	12451:G:GGCAGCGA	TP
hg38_knownGene_ENST00000610292.4	12487		T	TA			4655	Merged	92,3	0.042	95	35,2	30,1	91,3		0|1	0|1	12477_C_T		12477	42,50,1,2	T|TA	12487:T:TA	TP
hg38_knownGene_ENST00000610292.4	12489		A	AG			4656	Merged	69,23	0.204	92	24,8	20,9	69,17		0|1	0|1	12473_G_A		12473	29,40,11,12	A|AG	12489:A:AG	TP
hg38_knownGene_ENST00000610292.4	12718		T	TCG			4735	Merged	206,48	0.152	254	79,15	86,14	200,35		0/1					100,106,21,27	T/TCG	12718:T:TCG	TP
hg38_knownGene_ENST00000610292.4	12946		A	AGT			4845	Merged	255,52	0.107	328	80,15	111,11	248,31		0/0/1					129,126,39,34	A/A/AGT	12946:A:AGT	TP
hg38_knownGene_ENST00000610292.4	13069		G	GTATATTTTT			4889	Merged	117,48	0.285	165	45,12	54,18	117,46		0|1	0|1	13026_A_G		13026	64,53,23,25	G|GTATATTTTT	13069:G:GTATATTTTT	TP
hg38_knownGene_ENST00000610292.4	13143		G	GAACGC			4922	Merged	250,24	0.067	274	94,10	114,6	249,17		0/1					123,127,13,11	G/GAACGC	13143:G:GAACGC	TP
hg38_knownGene_ENST00000610292.4	13214		T	TCAGATACAA			4952	Merged	101,47	0.256	173	38,12	31,15	103,44		0/0/1					48,53,35,37	T/T/TCAGATACAA	13214:T:TCAGATACAA	TP
hg38_knownGene_ENST00000610292.4	13356		T	TAG			5012	Merged	189,30	0.125	219	87,18	89,8	188,26		0|1	0|1	13329_C_G		13329	102,87,16,14	T|TAG	13356:T:TAG	TP
hg38_knownGene_ENST00000610292.4	13362		T	TC			5017	Merged	168,17	0.081	220	83,9	68,8	166,17		0/0/1					89,79,28,24	T/T/TC	13362:T:TC	TP
hg38_knownGene_ENST00000610292.4	13477		T	TCAAA			5047	Merged	174,50	0.233	224	60,19	80,23	167,50		0|1	0|1	13477_T_TCAAA		13477	94,80,23,27	T|TCAAA	13477:T:TCAAA	TP
hg38_knownGene_ENST00000610292.4	13668		G	GC			5107	Merged	81,28	0.265	109	35,11	38,14	77,28		0|1	0|1	13650_A_C		13650	44,37,13,15	G|GC	13668:G:GC	TP
hg38_knownGene_ENST00000610292.4	13723		G	GAA			5129	Merged	160,4	0.031	164	68,3	85,1	157,4		0|1	0|1	13666_C_T		13666	79,81,2,2	G|GAA	13723:G:GAA	TP
hg38_knownGene_ENST00000610292.4	13732		C	CAG			5132	Merged	205,37	0.108	290	77,13	97,12	194,29		0/0/1					107,98,39,46	C/C/CAG	13732:C:CAG	TP
hg38_knownGene_ENST00000610292.4	13824		C	CG			5181	Merged	215,36	0.153	251	88,18	79,18	204,36		0|1	0|1	13803_C_T		13803	108,107,17,19	C|CG	13824:C:CG	TP
hg38_knownGene_ENST00000610292.4	13841		C	CCTATGG			5189	Merged	269,42	0.137	311	124,10	115,7	269,42		0|1	0|1	13830_T_C		13830	138,131,17,25	C|CCTATGG	13841:C:CCTATGG	TP
hg38_knownGene_ENST00000610292.4	13887		C	CCGT			5209	Merged	172,30	0.123	253	72,12	78,16	163,30		0/0/1					89,83,39,42	C/C/CCGT	13887:C:CCGT	TP
hg38_knownGene_ENST00000610292.4	13907		C	CCGTCACGT			5219	Merged	214,10	0.05	224	93,3	90,7	210,10		0|1	0|1	13882_A_T		13882	112,102,4,6	C|CCGTCACGT	13907:C:CCGTCACGT	TP
hg38_knownGene_ENST00000610292.4	13908		A	AGATCG			5220	Merged	214,8	0.041	222	95,1	88,7	210,8		0|1	0|1	13899_T_C		13899	112,102,3,5	A|AGATCG	13908:A:AGATCG	TP
hg38_knownGene_ENST00000610292.4	13997		C	CACATGCT			5248	Merged	119,28	0.182	147	43,11	54,11	116,25		0|1	0|1	13997_C_CACATGCT		13997	63,56,12,16	C|CACATGCT	13997:C:CACATGCT	TP
hg38_knownGene_ENST00000610292.4	14068		C	CTG			5268	Merged	122,42	0.178	215	49,10	53,12	119,36		0/0/1					61,61,45,48	C/C/CTG	14068:C:CTG	TP
hg38_knownGene_ENST00000610292.4	14223		T	TG			5324	Merged	210,10	0.033	240	61,6	79,1	211,7		0/0/1					101,109,11,19	T/T/TG	14223:T:TG	TP
hg38_knownGene_ENST00000610292.4	14256		C	CGGAGTTGCGA			5342	Merged	284,19	0.057	356	121,8	116,8	283,19		0/0/1					143,141,34,38	C/C/CGGAGTTGCGA	14256:C:CGGAGTTGCGA	TP
hg38_knownGene_ENST00000610292.4	14306		T	TA			5363	Merged	227,36	0.108	263	75,12	74,14	231,27		0|1	0|1	14286_A_T		14286	109,118,20,16	T|TA	14306:T:TA	TP
hg38_knownGene_ENST00000610292.4	14412		T	TCC			5402	Merged	164,10	0.064	174	53,8	63,2	161,10		0|1	0|1	14412_T_TCC		14412	84,80,9,1	T|TCC	14412:T:TCC	TP
hg38_knownGene_ENST00000610292.4	14608		C	CT			5488	Merged	186,17	0.089	203	88,3	60,13	183,17		0|1	0|1	14588_T_A		14588	111,75,12,5	C|CT	14608:C:CT	TP
hg38_knownGene_ENST00000610292.4	14614		A	ATC			5493	Merged	197,11	0.049	208	92,5	71,4	193,9		0|1	0|1	14614_A_ATC		14614	122,75,6,5	A|ATC	14614:A:ATC	TP
hg38_knownGene_ENST00000610292.4	14832		T	TCGGCACTA			5585	Merged	110,37	0.253	147	43,13	45,7	108,36		0|1	0|1	14800_A_G		14800	57,53,18,19	T|TCGGCACTA	14832:T:TCGGCACTA	TP
hg38_knownGene_ENST00000610292.4	15110		T	TCG			5676	Merged	363,21	0.047	401	112,3	141,13	343,17		0/0/1					190,173,19,19	T/T/TCG	15110:T:TCG	TP
hg38_knownGene_ENST00000610292.4	15122		T	TG			5681	Merged	381,15	0.034	410	108,5	150,7	374,13		0/1/0					199,182,15,14	T/TG/T	15122:T:TG	TP
hg38_knownGene_ENST00000610292.4	15140		T	TGCCGAC			5698	Merged	385,38	0.075	460	106,8	144,19	349,32		0/0/1					203,182,33,42	T/T/TGCCGAC	15140:T:TGCCGAC	TP
hg38_knownGene_ENST00000610292.4	15441		C	CT			5850	Merged	249,4	0.017	253	105,2	76,1	222,3		0|1	0|1	15402_T_C		15402	118,131,2,2	C|CT	15441:C:CT	TP
hg38_knownGene_ENST00000610292.4	15516		T	TA			5881	Merged	264,14	0.051	278	111,4	117,8	258,14		0/1					137,127,8,6	T/TA	15516:T:TA	TP
hg38_knownGene_ENST00000610292.4	15581		G	GA			5907	Merged	278,63	0.162	388	129,12	109,24	260,61		0/1/0					150,128,57,53	G/GA/G	15581:G:GA	TP
hg38_knownGene_ENST00000610292.4	15610		T	TTC			5922	Merged	186,12	0.051	219	67,4	86,3	184,10		0/0/1					101,85,14,19	T/T/TTC	15610:T:TTC	TP
hg38_knownGene_ENST00000610292.4	15677		T	TC			5948	Merged	202,18	0.08	220	65,6	68,11	205,17		0|1	0|1	15612_C_T		15612	93,109,8,10	T|TC	15677:T:TC	TP
hg38_knownGene_ENST00000610292.4	15685		G	GA			5954	Merged	202,24	0.11	226	62,11	70,12	202,24		0/1					91,111,12,12	G/GA	15685:G:GA	TP
hg38_knownGene_ENST00000610292.4	16045		T	TA			6085	Merged	197,33	0.15	230	56,14	65,15	191,33		0|1	0|1	16030_G_A		16030	88,109,19,14	T|TA	16045:T:TA	TP
hg38_knownGene_ENST00000610292.4	16676		C	CATTT			6250	Merged	64,8	0.098	89	24,3	28,5	64,8		0/0/1					30,34,10,15	C/C/CATTT	16676:C:CATTT	TP
hg38_knownGene_ENST00000610292.4	16731		T	TA			6272	Merged	194,13	0.03	207	91,2	94,2	195,6		0|1	0|1	16645_C_T		16645	105,89,6,7	T|TA	16731:T:TA	TP
hg38_knownGene_ENST00000610292.4	16837		C	CCCGGA			6339	Merged	270,12	0.046	282	96,4	116,8	268,12		0|1	0|1	16774_G_A		16774	136,134,6,6	C|CCCGGA	16837:C:CCCGGA	TP
hg38_knownGene_ENST00000610292.4	16911		G	GGTTTTAGCT			6362	Merged	142,57	0.284	199	43,12	43,15	138,54		0|1	0|1	16847_G_A		16847	74,68,25,32	G|GGTTTTAGCT	16911:G:GGTTTTAGCT	TP
hg38_knownGene_ENST00000610292.4	16923		T	TTTC			6366	Merged	153,61	0.295	214	47,13	37,22	139,58		0|1	0|1	16900_C_T		16900	72,81,34,27	T|TTTC	16923:T:TTTC	TP
hg38_knownGene_ENST00000610292.4	16974		T	TG			6385	Merged	248,57	0.191	305	100,23	110,18	253,59		0/1					129,119,31,26	T/TG	16974:T:TG	TP
hg38_knownGene_ENST00000610292.4	16982		T	TC			6389	Merged	169,28	0.089	297	58,11	63,11	160,25		0/0/1					90,79,62,66	T/T/TC	16982:T:TC	TP
hg38_knownGene_ENST00000610292.4	17025		C	CT			6410	Merged	167,21	0.044	311	60,6	60,4	159,13		0/0/0/1					75,92,78,66	C/C/C/CT	17025:C:CT	TP
hg38_knownGene_ENST00000610292.4	17107		T	TTGCTC			6444	Merged	305,7	0.022	312	121,0	111,4	310,6		0/1					137,168,3,4	T/TTGCTC	17107:T:TTGCTC	TP
hg38_knownGene_ENST00000610292.4	17207		T	TAATTC			6493	Merged	216,9	0.032	225	95,3	71,3	208,6		0|1	0|1	17201_A_G		17201	106,110,6,3	T|TAATTC	17207:T:TAATTC	TP
hg38_knownGene_ENST00000610292.4	17544		A	AGGTGGTAC			6627	Merged	227,24	0.093	265	116,7	97,12	228,24		0/0/1					122,105,17,21	A/A/AGGTGGTAC	17544:A:AGGTGGTAC	TP
hg38_knownGene_ENST00000610292.4	17633		G	GTGTA			6668	Merged	190,54	0.211	244	71,16	76,16	187,49		0|1	0|1	17624_T_C		17624	97,93,25,29	G|GTGTA	17633:G:GTGTA	TP
hg38_knownGene_ENST00000610292.4	17694		C	CA			6698	Merged	196,11	0.053	207	71,5	85,5	197,11		0|1	0|1	17694_C_CA		17694	115,81,7,4	C|CA	17694:C:CA	TP
hg38_knownGene_ENST00000610292.4	17758		T	TCG			6728	Merged	241,52	0.185	293	96,18	103,21	237,53		0|1	0|1	17758_T_TCG		17758	116,125,23,29	T|TCG	17758:T:TCG	TP
hg38_knownGene_ENST00000610292.4	17776		C	CT			6732	Merged	214,17	0.075	231	80,7	77,10	213,17		0/1					101,113,11,6	C/CT	17776:C:CT	TP
hg38_knownGene_ENST00000610292.4	17956		A	ATAC			6779	Merged	64,36	0.251	147	23,13	28,23	62,36		0/0/1					26,38,41,42	A/A/ATAC	17956:A:ATAC	TP
hg38_knownGene_ENST00000610292.4	17969		A	ACACC			6783	Merged	117,40	0.244	166	55,14	54,25	115,40		0/0/1					56,61,23,26	A/A/ACACC	17969:A:ACACC	TP
hg38_knownGene_ENST00000610292.4	18067		G	GGTTACATC			6812	Merged	203,14	0.059	251	83,8	91,5	205,14		0/0/1					108,95,21,27	G/G/GGTTACATC	18067:G:GGTTACATC	TP
hg38_knownGene_ENST00000610292.4	18254		C	CCCCT			6898	Merged	175,6	0.039	181	58,2	63,2	169,6		0|1	0|1	18254_C_CCCCT		18254	79,96,5,1	C|CCCCT	18254:C:CCCCT	TP
hg38_knownGene_ENST00000610292.4	18363		A	ATGCGTG			6936	Merged	273,37	0.124	310	109,16	118,15	267,37		0|1	0|1	18341_C_T		18341	136,137,22,15	A|ATGCGTG	18363:A:ATGCGTG	TP
hg38_knownGene_ENST00000610292.4	18527		A	AT			6987	Merged	93,66	0.38	197	48,24	33,24	81,67		0/1/0					39,54,51,53	A/AT/A	18527:A:AT	TP
hg38_knownGene_ENST00000610292.4	18673		T	TTA			7051	Merged	192,10	0.026	202	77,3	69,1	186,4		0|1	0|1	18673_T_TTA		18673	84,108,4,6	T|TTA	18673:T:TTA	TP
