POS	Ground Truth REF	Ground Truth ALT	Ground Truth DP	Ground Truth AF	Mutect2 REF	Mutect2 ALT	Mutect2 DP	Mutect2 AF	exonInfo	intronInfo
561	T	G	4970	0.093	T	G	2045	0.054	exon	intron
561	T	A	4970	0.06					exon	intron
561	T	C	4970	0.054	T	C	2045	0.032	exon	intron
566	G	A	4952	0.106	G	A	1915	0.054	exon	intron
566	G	T	4952	0.001					exon	intron
566	G	C	4952	0.001					exon	intron
1048	C	A	5017	0.1					exon	intron
1048	C	G	5017	0.001					exon	intron
1048	C	T	5017	0.001					exon	intron
1155	A	T	4927	0.103	A	T	942	0.088	exon	intron
1155	A	G	4927	0.049	A	G	942	0.097	exon	intron
1155	A	C	4927	0.002					exon	intron
1190	T	C	4966	0.099	T	C	1150	0.197	exon	intron
1190	T	G	4966	0.002					exon	intron
1190	T	A	4966	0.001					exon	intron
1663	T	C	4858	0.148	T	C	1364	0.080		intron
1663	T	A	4858	0.052						intron
1663	T	G	4858	0.001						intron
1799	A	G	4839	0.097	A	G	909	0.178		intron
1799	A	C	4839	0.001						intron
1799	A	T	4839	0.001						intron
1842	A	G	4849	0.147	A	G	874	0.142		intron
1842	A	C	4849	0.002						intron
1842	A	T	4849	0.001						intron
2019	A	G	5030	0.203						intron
2019	A	C	5030	0.002						intron
2088	A	G	4813	0.051						intron
2088	A	C	4813	0.002						intron
2088	A	T	4813	0						intron
2327	T	C	4994	0.189	T	C	307	0.275		intron
2327	T	G	4994	0.002						intron
2327	T	A	4994	0.001						intron
2462	T	C	5190	0.205	T	C	806	0.120		intron
2462	T	A	5190	0.001						intron
2462	T	G	5190	0.001						intron
2878	T	G	5155	0.095	T	G	1787	6.495e-03		intron
2878	T	C	5155	0.001						intron
2878	T	A	5155	0.001						intron
2949	C	T	5135	0.108						intron
2949	C	G	5135	0.049						intron
2949	C	A	5135	0.002						intron
2967	T	A	4923	0.049	T	A	1066	0.077		intron
2967	T	C	4923	0.046	T	C	1066	0.052		intron
2967	T	G	4923	0						intron
3804	T	C	5061	0.151						intron
3804	T	A	5061	0.001						intron
3804	T	G	5061	0.001						intron
4324	C	T	4985	0.145						intron
4324	C	A	4985	0.001						intron
4324	C	G	4985	0						intron
4992	G	A	4997	0.149	G	A	816	0.225		intron
4992	G	C	4997	0.001						intron
4992	G	T	4997	0.001						intron
5132	A	G	4935	0.099	A	G	1516	0.219		intron
5132	A	T	4935	0.001						intron
5132	A	C	4935	0.001						intron
5273	A	G	5071	0.203	A	G	772	0.181		intron
5273	A	C	5071	0.001						intron
5273	A	T	5071	0						intron
5666	G	A	4884	0.15						intron
5666	G	T	4884	0.002						intron
5666	G	C	4884	0						intron
5709	C	T	4833	0.206	C	T	712	0.348		intron
5709	C	A	4833	0.001						intron
5709	C	G	4833	0.001						intron
5721	C	T	4570	0.1	C	T	682	0.267		intron
5721	C	A	4570	0.001						intron
5721	C	G	4570	0.001						intron
6393	T	C	4734	0.053	T	C	1273	0.107	exon	intron
6393	T	G	4734	0.003					exon	intron
6393	T	A	4734	0.001					exon	intron
6446	A	G	4908	0.1					exon	intron
6446	A	T	4908	0.05					exon	intron
6446	A	C	4908	0.001					exon	intron
6551	A	G	4908	0.097	A	G	1562	0.073	exon	intron
6551	A	C	4908	0.055	A	C	1562	0.044	exon	intron
6551	A	T	4908	0					exon	intron
6567	G	A	4898	0.099	G	A	1302	0.142	exon	intron
6567	G	T	4898	0.052	G	T	1302	0.191	exon	intron
6567	G	C	4898	0.001					exon	intron
6730	G	A	4690	0.157					exon	
6730	G	C	4690	0.053	G	C	1004	0.162	exon	
6730	G	T	4690	0					exon	
6826	G	A	4955	0.1					exon	intron
6826	G	T	4955	0.001					exon	intron
6826	G	C	4955	0					exon	intron
6930	A	G	4960	0.104					exon	intron
6930	A	C	4960	0.049					exon	intron
6930	A	T	4960	0.001					exon	intron
7403	G	A	4743	0.105	G	A	1323	0.097		intron
7403	G	T	4743	0.001						intron
7620	A	G	4719	0.157					exon	intron
7620	A	C	4719	0.001					exon	intron
7620	A	T	4719	0.001					exon	intron
7694	G	A	4956	0.197	G	A	779	0.150	exon	intron
7694	G	C	4956	0.049	G	C	779	0.217	exon	intron
7694	G	T	4956	0.001					exon	intron
7848	A	T	4980	0.156					exon	intron
7848	A	C	4980	0.001					exon	intron
7848	A	G	4980	0					exon	intron
8180	A	G	4778	0.054					exon	intron
8180	A	T	4778	0.001					exon	intron
8180	A	C	4778	0.001					exon	intron
8211	A	G	4859	0.163	A	G	1923	0.259	exon	intron
8211	A	C	4859	0.001					exon	intron
8211	A	T	4859	0					exon	intron
8554	A	G	4975	0.158	A	G	650	0.412		intron
8554	A	C	4975	0.001						intron
8646	A	G	5123	0.105	A	G	611	0.077		intron
8646	A	C	5123	0.002						intron
8646	A	T	5123	0						intron
8689	A	G	5163	0.1						intron
8689	A	C	5163	0.002						intron
8689	A	T	5163	0						intron
8759	C	T	5157	0.097	C	T	615	0.195		intron
8759	C	A	5157	0.001						intron
8759	C	G	5157	0						intron
9043	A	G	5041	0.103						intron
9043	A	T	5041	0.052						intron
9043	A	C	5041	0.001						intron
9603	C	T	5026	0.196	C	T	651	0.270		intron
9603	C	A	5026	0.05						intron
9603	C	G	5026	0.002						intron
9820	G	C	4893	0.057						intron
9820	G	A	4893	0.053						intron
9820	G	T	4893	0.001						intron
9845	A	G	5159	0.259	A	G	686	0.215		intron
9845	A	C	5159	0.002						intron
9845	A	T	5159	0.001						intron
9920	A	C	5111	0.099	A	C	1851	0.088		intron
9920	A	G	5111	0.056	A	G	1851	0.101		intron
9920	A	T	5111	0.001						intron
10164	A	G	4930	0.099						intron
10164	A	T	4930	0.001						intron
10164	A	C	4930	0.001						intron
10364	C	T	4961	0.151	C	T	1236	0.027		intron
10364	C	A	4961	0.002	C	A	1236	0.084		intron
10364	C	G	4961	0.001						intron
10449	A	G	4982	0.16						intron
10449	A	C	4982	0.053						intron
10449	A	T	4982	0.001						intron
10495	T	C	4951	0.096	T	C	336	0.354		intron
10495	T	A	4951	0.001						intron
10495	T	G	4951	0.001						intron
10780	G	A	4842	0.155	G	A	696	0.203		intron
10780	G	T	4842	0.001						intron
10780	G	C	4842	0						intron
10793	C	T	4796	0.1	C	T	752	6.637e-03		intron
10793	C	A	4796	0.002						intron
10793	C	G	4796	0.001						intron
11065	C	T	4610	0.145	C	T	1337	0.220		intron
11065	C	A	4610	0.002						intron
11065	C	G	4610	0.001						intron
11170	A	G	4433	0.243						intron
11170	A	C	4433	0.051						intron
11170	A	T	4433	0						intron
11194	T	C	4472	0.147	T	C	2311	0.069		intron
11194	T	G	4472	0.002						intron
11194	T	A	4472	0.001						intron
11852	T	G	4878	0.105						intron
11852	T	C	4878	0.052	T	C	1025	0.127		intron
11852	T	A	4878	0.001						intron
12645	T	C	4860	0.154						intron
12645	T	G	4860	0.053						intron
13626	C	T	4945	0.154						intron
13626	C	A	4945	0.002						intron
13626	C	G	4945	0.002						intron
13747	T	C	4864	0.105	T	C	1541	0.164		intron
13747	T	A	4864	0.001						intron
13747	T	G	4864	0.001						intron
14122	A	G	5175	0.1						intron
14122	A	C	5175	0.003						intron
14122	A	T	5175	0						intron
14559	T	C	4643	0.05						intron
14559	T	G	4643	0.002						intron
14840	T	C	5030	0.098						intron
14840	T	A	5030	0.053	T	A	687	0.389		intron
14840	T	G	5030	0.001						intron
15157	C	T	4656	0.102						intron
15157	C	A	4656	0.002						intron
15157	C	G	4656	0.001						intron
15303	G	C	4871	0.098						intron
15303	G	A	4871	0.095						intron
15303	G	T	4871	0.001						intron
15308	T	C	4871	0.152						intron
15308	T	G	4871	0.002						intron
15308	T	A	4871	0.001						intron
15448	C	G	4905	0.152						intron
15448	C	A	4905	0.052						intron
15493	A	T	4916	0.099	A	T	1682	0.239		intron
15493	A	G	4916	0.051						intron
15493	A	C	4916	0.002						intron
15572	G	A	5002	0.102						intron
15572	G	C	5002	0.049						intron
15572	G	T	5002	0.001						intron
16199	C	T	4983	0.102						intron
16199	C	A	4983	0.001						intron
16199	C	G	4983	0.001						intron
16260	G	A	4500	0.109	G	A	362	0.656		intron
16260	G	T	4500	0.001						intron
16260	G	C	4500	0.001						intron
16406	A	G	5017	0.145						intron
16406	A	C	5017	0.001						intron
16406	A	T	5017	0						intron
17239	G	A	4932	0.097	G	A	1246	0.176		intron
17239	G	C	4932	0.002						intron
17239	G	T	4932	0.001						intron
17484	A	C	4707	0.056						intron
17484	A	G	4707	0.052						intron
17484	A	T	4707	0.001						intron
17491	G	A	4968	0.097	G	A	740	0.023		intron
17491	G	C	4968	0.001						intron
17491	G	T	4968	0						intron
17841	A	T	4886	0.099	A	T	1318	0.075		intron
17841	A	G	4886	0.046	A	G	1318	0.107		intron
17841	A	C	4886	0						intron
18370	G	A	5023	0.104					exon	intron
18370	G	C	5023	0.002					exon	intron
18370	G	T	5023	0.001					exon	intron
18522	A	G	4927	0.102					exon	intron
18522	A	T	4927	0.047					exon	intron
18522	A	C	4927	0.001					exon	intron
18548	C	T	4936	0.194					exon	intron
18548	C	G	4936	0.001					exon	intron
18548	C	A	4936	0.001					exon	intron
18579	T	G	4670	0.056					exon	intron
18579	T	A	4670	0.001					exon	intron
18579	T	C	4670	0.001					exon	intron
18820	A	G	3424	0.252	A	G	1341	0.174	exon	intron
18820	A	T	3424	0.06					exon	intron
18820	A	C	3424	0.001					exon	intron
19042	A	G	225	0.156					exon	intron
19042	A	T	225	0.004					exon	intron
19045	A	G	206	0.121	A	G	46	0.243	exon	intron
19045	A	C	206	0.005					exon	intron
19068	T	C	50	0.16					exon	intron
19071	C	T	25	0.08					exon	intron
19071	C	G	25	0.04					exon	intron
19072	T	C	22	0.091					exon	intron
